STATE,ST_CASE,VEH_NO,PVEHICLESF
1,10005,2,41
1,10005,3,0
1,10135,2,0
1,10135,3,0
1,10135,4,0
1,10135,5,0
1,10135,6,0
1,10147,2,0
1,10148,2,0
1,10260,2,0
1,10319,3,0
1,10355,6,0
1,10460,2,0
1,10460,3,0
1,10466,2,0
1,10467,2,0
1,10467,3,0
1,10492,2,0
1,10492,3,0
1,10531,2,0
1,10589,2,0
1,10589,3,0
1,10653,2,0
1,10653,3,0
1,10695,2,0
1,10733,2,0
1,10737,4,0
1,10774,2,0
1,10848,2,0
2,20017,3,0
4,40043,2,0
4,40195,2,0
4,40200,3,0
4,40214,3,0
4,40227,2,0
4,40237,2,0
4,40237,3,0
4,40237,4,0
4,40237,5,0
4,40237,6,0
4,40277,2,0
4,40315,2,0
4,40446,2,0
4,40470,2,0
4,40470,3,0
4,40470,4,0
4,40521,2,0
4,40545,2,0
4,40579,2,41
4,40621,2,0
4,40630,2,0
4,40630,3,0
4,40630,4,0
4,40630,5,0
4,40744,2,0
4,40744,3,0
4,40853,3,0
4,40892,5,0
4,40903,3,0
4,40955,2,0
4,40999,2,0
4,40999,3,0
4,40999,4,0
4,41069,3,0
5,50030,2,0
5,50030,3,0
5,50061,2,0
5,50095,2,0
5,50186,2,0
5,50206,3,0
5,50206,4,0
5,50334,1,0
5,50432,2,0
5,50458,3,0
5,50458,4,0
6,60030,2,0
6,60055,2,0
6,60085,2,0
6,60105,3,0
6,60110,2,0
6,60146,2,0
6,60205,2,0
6,60211,2,0
6,60231,3,0
6,60256,2,0
6,60276,2,0
6,60295,2,0
6,60326,2,0
6,60326,3,0
6,60326,4,0
6,60375,2,0
6,60383,2,0
6,60429,2,0
6,60471,2,0
6,60471,3,0
6,60471,4,0
6,60478,3,0
6,60478,4,0
6,60478,5,0
6,60478,6,0
6,60478,7,0
6,60486,3,0
6,60504,2,0
6,60504,3,0
6,60504,4,0
6,60507,3,0
6,60510,3,0
6,60510,4,0
6,60531,3,0
6,60531,4,0
6,60546,2,0
6,60552,3,0
6,60618,2,0
6,60619,3,0
6,60619,4,0
6,60619,5,0
6,60640,2,0
6,60655,3,0
6,60655,4,0
6,60673,2,0
6,60673,3,0
6,60695,2,0
6,60707,6,0
6,60711,2,0
6,60711,3,0
6,60714,2,0
6,60732,2,0
6,60766,2,0
6,60772,4,0
6,60823,2,0
6,60848,3,0
6,60848,4,0
6,60848,5,0
6,60848,6,0
6,60849,2,0
6,60850,3,0
6,60850,4,0
6,60857,2,0
6,60894,3,0
6,60894,4,0
6,60894,5,0
6,60908,2,0
6,60935,2,0
6,60942,2,0
6,60943,3,0
6,60943,4,0
6,60943,5,0
6,60943,6,0
6,60943,7,0
6,61072,2,0
6,61083,2,0
6,61089,2,0
6,61089,3,0
6,61099,2,0
6,61119,2,0
6,61145,2,0
6,61145,3,0
6,61145,4,0
6,61145,5,0
6,61145,6,0
6,61162,2,0
6,61162,3,0
6,61179,2,0
6,61193,1,0
6,61205,2,0
6,61230,2,0
6,61230,3,0
6,61250,3,0
6,61250,4,0
6,61250,5,0
6,61287,3,0
6,61362,2,0
6,61373,2,0
6,61375,3,0
6,61394,2,0
6,61401,2,0
6,61401,3,0
6,61401,4,0
6,61437,2,0
6,61452,2,0
6,61452,3,0
6,61452,4,0
6,61461,3,0
6,61464,2,0
6,61479,2,0
6,61479,3,0
6,61479,4,0
6,61500,2,0
6,61500,3,0
6,61500,4,0
6,61523,2,0
6,61523,3,0
6,61695,2,0
6,61695,3,0
6,61695,4,0
6,61716,3,0
6,61716,4,0
6,61750,2,0
6,61750,3,0
6,61778,2,0
6,61803,2,42
6,61810,2,0
6,61810,3,0
6,61827,3,0
6,61838,2,0
6,61863,2,0
6,61903,2,0
6,61936,2,0
6,61974,2,0
6,61974,3,0
6,61983,2,0
6,61992,2,0
6,61998,2,0
6,62003,3,0
6,62003,4,0
6,62061,4,0
6,62074,2,0
6,62075,3,0
6,62075,4,0
6,62075,5,0
6,62075,6,0
6,62102,2,0
6,62138,2,0
6,62142,3,0
6,62149,2,0
6,62183,3,0
6,62183,4,0
6,62206,2,0
6,62244,2,0
6,62259,2,0
6,62259,3,0
6,62259,4,0
6,62259,5,32
6,62298,2,0
6,62302,2,0
6,62302,3,0
6,62307,2,0
6,62317,3,0
6,62372,2,0
6,62424,2,0
6,62431,2,0
6,62431,3,42
6,62445,2,0
6,62445,3,0
6,62447,2,0
6,62490,2,0
6,62518,2,0
6,62518,3,0
6,62518,4,0
6,62554,3,0
6,62605,3,0
6,62606,2,0
6,62612,2,39
6,62653,2,0
6,62655,2,0
6,62664,2,0
6,62725,4,0
6,62755,2,0
6,62755,3,0
6,62768,3,0
6,62778,2,0
6,62815,2,0
6,62822,3,0
6,62822,4,0
6,62861,2,0
6,62861,3,0
6,62868,2,0
6,62868,3,0
6,62908,2,0
6,62909,3,0
6,62909,4,0
6,62909,5,0
6,62909,6,0
6,62909,7,0
6,62909,8,0
6,62909,9,0
6,62909,10,0
6,62925,2,0
6,62928,2,0
6,62933,2,0
6,62934,2,0
6,62934,3,0
6,62946,2,0
6,62946,3,0
6,62946,4,0
6,62946,5,0
6,62948,3,0
6,62948,4,0
6,62951,3,0
6,62953,2,0
6,62997,3,0
6,63008,3,0
6,63008,4,0
6,63067,2,0
6,63106,2,0
6,63106,3,0
6,63106,4,0
6,63106,5,0
6,63106,6,0
6,63106,7,0
6,63106,8,0
6,63109,3,0
6,63110,3,0
6,63110,4,0
6,63110,5,0
6,63110,6,0
6,63155,2,0
6,63160,2,0
6,63164,2,0
6,63164,3,0
6,63167,3,0
6,63180,2,0
6,63232,2,0
6,63233,2,0
6,63233,3,0
6,63253,2,0
6,63287,3,0
6,63310,2,0
6,63322,2,0
6,63376,2,0
6,63385,2,0
6,63411,2,0
6,63419,2,0
6,63419,3,0
6,63419,4,0
6,63419,5,0
6,63419,6,0
6,63459,2,0
6,63459,3,0
6,63488,2,0
6,63492,3,0
6,63492,4,0
6,63492,5,0
6,63513,2,0
6,63520,3,0
6,63527,2,0
6,63527,3,0
6,63527,4,0
6,63531,4,0
6,63536,3,0
6,63536,4,0
6,63543,3,0
6,63561,2,39
6,63565,2,0
6,63565,3,0
6,63565,4,0
6,63618,2,0
6,63618,3,0
6,63638,2,0
8,80022,4,0
8,80022,5,0
8,80026,2,0
8,80026,3,0
8,80043,2,0
8,80044,3,0
8,80105,3,0
8,80117,2,0
8,80117,3,0
8,80117,4,0
8,80117,6,0
8,80155,2,0
8,80180,2,0
8,80181,2,0
8,80188,2,0
8,80197,2,0
8,80225,2,0
8,80358,2,0
8,80378,2,0
8,80388,2,0
8,80388,3,0
8,80388,4,0
8,80392,2,0
8,80424,2,0
8,80457,2,0
8,80467,2,0
8,80529,2,0
8,80529,3,0
8,80589,2,0
8,80589,3,0
8,80590,2,0
9,90005,2,0
9,90005,3,0
9,90019,1,0
9,90033,3,0
9,90033,4,0
9,90063,2,0
9,90063,3,0
9,90079,2,0
9,90079,3,0
9,90103,2,0
9,90158,2,0
9,90176,2,0
9,90206,1,0
9,90206,2,0
9,90220,2,0
9,90223,2,0
9,90235,1,0
9,90238,3,0
9,90241,3,0
9,90241,4,0
9,90244,1,0
9,90245,2,0
9,90278,2,0
9,90278,3,0
9,90284,3,0
10,100009,2,0
10,100020,2,0
10,100062,3,0
10,100093,2,0
10,100100,2,0
11,110007,2,0
11,110007,3,0
11,110028,2,0
11,110038,3,0
12,120147,2,0
12,120148,2,0
12,120207,2,0
12,120224,3,0
12,120228,3,0
12,120276,1,0
12,120276,5,0
12,120301,2,0
12,120301,3,0
12,120301,4,0
12,120405,2,0
12,120484,2,0
12,120484,3,0
12,120484,4,0
12,120495,2,0
12,120495,3,0
12,120522,3,0
12,120522,4,0
12,120571,2,0
12,120615,2,0
12,120666,3,0
12,120677,2,0
12,120710,2,0
12,120751,2,0
12,120756,2,0
12,120763,2,0
12,120872,2,0
12,120906,2,0
12,120923,2,0
12,120962,3,0
12,120962,4,0
12,121038,3,0
12,121038,4,0
12,121124,2,0
12,121242,2,0
12,121287,3,0
12,121307,2,0
12,121340,2,0
12,121340,3,0
12,121340,4,0
12,121353,2,0
12,121363,2,0
12,121414,2,0
12,121476,4,0
12,121476,5,0
12,121476,6,0
12,121501,2,0
12,121503,1,0
12,121503,2,0
12,121503,3,0
12,121527,2,0
12,121547,3,0
12,121547,4,0
12,121550,2,0
12,121551,1,0
12,121554,2,0
12,121627,2,0
12,121643,3,0
12,121723,2,0
12,121776,2,0
12,121790,2,0
12,121809,2,0
12,121809,3,0
12,121809,4,0
12,121809,5,0
12,121839,3,0
12,121850,2,0
12,121850,3,0
12,121863,2,0
12,121876,2,0
12,121876,3,0
12,121876,4,0
12,121956,1,0
12,121966,2,0
12,121966,3,0
12,121977,2,0
12,121977,3,0
12,122005,2,0
12,122005,3,41
12,122071,2,0
12,122071,3,0
12,122071,4,0
12,122071,5,0
12,122071,6,0
12,122086,2,0
12,122089,2,0
12,122202,2,0
12,122202,3,0
12,122202,4,0
12,122202,5,0
12,122225,1,0
12,122241,2,0
12,122241,3,0
12,122252,3,0
12,122340,2,0
12,122347,2,0
12,122411,4,0
12,122512,3,0
12,122573,1,0
12,122646,4,0
12,122649,2,0
12,122649,3,0
12,122690,2,41
12,122690,3,41
12,122690,4,41
12,122708,2,0
12,122708,3,0
12,122775,2,42
12,122775,3,41
12,122775,4,0
12,122788,2,0
12,122792,2,0
12,122881,2,0
12,122898,2,0
12,122936,1,0
12,122945,3,0
12,122954,3,0
12,122954,4,0
12,122966,2,0
12,122986,2,0
12,122998,2,0
13,130002,2,0
13,130021,2,42
13,130059,2,0
13,130127,2,0
13,130131,2,0
13,130131,3,0
13,130160,2,0
13,130160,3,0
13,130160,4,0
13,130160,5,0
13,130160,6,0
13,130229,2,0
13,130229,3,0
13,130313,2,0
13,130330,2,0
13,130358,1,0
13,130375,2,0
13,130421,2,0
13,130440,2,0
13,130527,2,0
13,130667,2,0
13,130738,2,0
13,130790,3,0
13,130872,2,0
13,130875,2,0
13,130875,3,0
13,130924,2,0
13,130978,2,0
13,131136,3,0
13,131164,2,0
13,131164,3,0
13,131198,2,0
13,131198,3,0
13,131203,2,0
13,131312,2,0
13,131316,2,0
13,131316,3,0
15,150001,2,0
15,150074,2,0
15,150081,2,0
15,150081,3,0
15,150081,4,0
15,150083,2,0
16,160058,3,0
16,160058,4,0
16,160079,2,0
16,160079,3,0
16,160083,2,0
16,160116,2,0
16,160120,3,0
16,160159,2,0
17,170039,2,0
17,170107,2,0
17,170111,3,0
17,170112,3,0
17,170112,4,0
17,170112,5,0
17,170118,2,42
17,170164,2,0
17,170202,2,0
17,170234,2,0
17,170239,3,0
17,170249,2,0
17,170252,2,0
17,170319,1,0
17,170321,2,0
17,170321,3,0
17,170327,2,0
17,170437,2,0
17,170444,2,0
17,170450,2,0
17,170479,3,0
17,170479,4,0
17,170526,3,0
17,170644,2,42
17,170670,2,0
17,170673,2,0
17,170690,2,0
17,170696,1,0
17,170753,2,0
17,170761,2,0
17,170761,3,0
17,170761,4,0
17,170826,3,0
17,170852,2,0
17,170852,3,0
17,170896,2,0
17,170932,3,0
17,170932,4,0
17,170934,1,0
17,170965,2,0
17,171009,2,0
17,171046,2,0
17,171046,3,0
17,171055,2,41
17,171076,2,0
17,171078,2,0
17,171104,2,0
17,171132,2,0
18,180016,2,42
18,180016,3,0
18,180022,1,0
18,180025,3,0
18,180188,2,0
18,180191,3,0
18,180236,2,0
18,180318,3,0
18,180361,3,0
18,180369,2,0
18,180400,3,0
18,180400,4,0
18,180400,5,0
18,180400,6,0
18,180400,7,0
18,180401,2,0
18,180422,2,0
18,180453,2,0
18,180460,2,0
18,180475,2,0
18,180491,3,0
18,180491,4,0
18,180495,2,0
18,180525,2,0
18,180531,2,0
18,180604,2,0
18,180637,2,0
18,180639,4,0
18,180651,3,0
18,180663,4,0
18,180696,2,0
18,180719,2,0
18,180727,2,0
18,180830,2,0
19,190055,2,0
19,190079,2,0
19,190100,2,0
19,190142,3,0
19,190157,3,0
19,190157,4,0
19,190171,2,0
19,190171,3,0
19,190253,2,0
19,190274,2,0
19,190331,2,0
20,200010,2,0
20,200033,4,0
20,200033,5,0
20,200229,3,0
21,210064,2,0
21,210088,2,0
21,210088,3,0
21,210088,4,0
21,210088,5,0
21,210088,6,0
21,210088,7,0
21,210123,2,0
21,210175,2,0
21,210188,2,0
21,210227,2,0
21,210234,2,0
21,210234,3,0
21,210297,2,0
21,210297,3,0
21,210313,2,0
21,210314,2,0
21,210392,2,0
21,210414,3,0
21,210422,2,0
21,210442,2,0
21,210446,4,0
21,210449,2,0
21,210477,2,0
21,210484,2,0
21,210532,2,0
21,210532,3,0
21,210533,2,0
22,220035,2,0
22,220035,3,0
22,220035,4,0
22,220072,4,0
22,220072,5,0
22,220133,2,0
22,220133,3,0
22,220140,2,0
22,220182,2,0
22,220182,3,0
22,220182,4,0
22,220182,5,0
22,220204,4,0
22,220204,5,0
22,220204,6,0
22,220204,7,0
22,220402,2,0
22,220503,2,0
22,220522,2,42
22,220522,3,0
22,220534,2,0
22,220534,3,0
22,220593,2,0
22,220593,3,0
22,220643,2,0
22,220689,3,0
23,230097,2,0
23,230097,3,0
23,230129,2,0
23,230173,3,0
23,230173,4,0
23,230173,5,0
23,230175,3,0
24,240001,2,0
24,240076,3,0
24,240076,4,0
24,240076,5,0
24,240119,2,42
24,240215,2,0
24,240215,3,0
24,240253,3,0
24,240254,2,0
24,240265,2,0
24,240345,2,0
24,240375,3,0
24,240375,4,0
24,240375,5,0
24,240390,2,0
24,240424,2,0
24,240424,3,0
24,240431,2,0
24,240443,2,0
24,240495,2,0
24,240517,3,0
24,240545,2,0
24,240563,2,0
25,250009,2,0
25,250027,2,0
25,250119,2,0
25,250158,2,0
25,250232,2,0
25,250253,2,0
25,250254,2,0
25,250262,2,0
25,250262,3,0
25,250262,4,0
25,250265,3,0
25,250276,2,0
25,250276,3,0
25,250304,2,0
25,250308,2,0
25,250308,3,0
25,250354,2,0
26,260031,2,0
26,260177,2,0
26,260183,2,0
26,260228,2,0
26,260228,3,0
26,260307,2,0
26,260307,3,0
26,260346,3,29
26,260346,4,0
26,260386,2,0
26,260499,3,0
26,260514,2,0
26,260522,2,0
26,260539,2,0
26,260539,3,0
26,260562,2,0
26,260609,2,0
26,260609,3,0
26,260609,4,0
26,260657,3,0
26,260657,5,0
26,260657,6,0
26,260727,2,0
26,260727,3,0
26,260730,2,0
26,260730,3,0
26,260734,2,0
26,260734,3,0
26,260734,4,0
26,260734,5,0
26,260734,6,0
26,260734,7,0
26,260734,8,0
26,260734,9,0
26,260734,10,0
26,260813,2,0
26,260936,2,0
26,260940,2,0
26,260968,2,0
26,260979,2,0
26,260980,2,0
26,260981,3,0
26,260981,4,0
26,260988,3,0
27,270118,2,0
27,270118,3,0
27,270186,2,0
27,270188,2,0
27,270191,4,0
27,270208,2,0
27,270262,2,0
27,270262,3,0
27,270316,1,0
27,270320,2,0
27,270320,3,0
27,270320,4,0
27,270320,5,0
27,270392,2,0
28,280040,2,0
28,280040,3,0
28,280063,1,0
28,280155,2,0
28,280217,2,0
28,280278,1,0
28,280550,2,0
28,280550,3,0
28,280579,3,0
29,290082,2,0
29,290152,1,0
29,290193,2,0
29,290197,2,0
29,290241,3,0
29,290245,2,0
29,290245,3,0
29,290292,1,0
29,290404,2,0
29,290404,3,0
29,290405,3,0
29,290405,4,0
29,290405,5,0
29,290441,2,0
29,290445,2,0
29,290513,3,0
29,290518,2,0
29,290518,3,0
29,290577,2,0
29,290586,3,0
29,290639,3,0
29,290736,2,0
29,290761,3,0
29,290784,2,0
29,290791,1,0
29,290791,2,0
29,290804,2,0
29,290889,4,0
31,310014,3,0
31,310050,1,41
31,310050,2,0
31,310055,2,0
31,310062,2,0
31,310085,2,0
31,310139,1,0
31,310157,2,0
31,310157,3,0
31,310222,2,0
31,310229,3,0
32,320007,2,0
32,320037,3,0
32,320037,4,0
32,320042,3,0
32,320042,4,0
32,320042,5,0
32,320042,6,0
32,320042,7,0
32,320124,2,0
32,320158,2,0
32,320192,2,0
32,320231,3,0
32,320282,3,0
33,330016,2,0
33,330051,2,0
33,330115,4,0
33,330115,5,0
33,330116,1,0
34,340003,2,0
34,340016,2,0
34,340044,3,0
34,340046,2,0
34,340065,2,0
34,340078,2,0
34,340081,2,0
34,340104,1,0
34,340105,2,0
34,340106,2,0
34,340148,3,0
34,340156,2,0
34,340163,2,0
34,340163,3,0
34,340164,2,0
34,340164,3,0
34,340196,3,0
34,340196,4,0
34,340202,4,0
34,340251,4,0
34,340287,3,0
34,340287,4,0
34,340287,5,0
34,340378,3,0
34,340445,2,0
34,340445,3,0
34,340445,4,0
34,340445,5,0
34,340469,2,0
34,340502,2,0
34,340502,3,0
34,340542,3,0
34,340546,2,0
34,340550,2,0
34,340578,2,0
34,340584,2,0
34,340592,2,0
34,340592,3,0
34,340592,4,0
34,340608,2,0
34,340608,3,0
34,340646,2,0
34,340646,3,0
35,350195,3,0
35,350367,2,0
35,350372,2,0
36,360008,3,0
36,360008,4,0
36,360008,5,0
36,360016,2,0
36,360048,2,0
36,360063,2,0
36,360063,3,0
36,360064,3,0
36,360064,4,0
36,360064,5,0
36,360074,2,0
36,360075,3,0
36,360075,4,0
36,360081,3,0
36,360096,2,0
36,360105,2,0
36,360124,2,0
36,360126,2,0
36,360126,3,0
36,360151,2,0
36,360153,2,0
36,360155,2,0
36,360155,3,0
36,360165,2,0
36,360193,3,0
36,360198,3,0
36,360207,2,0
36,360209,2,0
36,360209,3,0
36,360222,1,0
36,360223,1,0
36,360228,3,0
36,360229,3,0
36,360243,3,0
36,360243,4,0
36,360253,2,0
36,360253,3,0
36,360280,3,0
36,360280,4,0
36,360292,2,0
36,360308,2,0
36,360339,2,0
36,360356,2,0
36,360362,2,0
36,360362,3,0
36,360362,4,0
36,360362,5,0
36,360362,6,0
36,360362,7,0
36,360362,8,0
36,360362,9,0
36,360362,10,0
36,360409,2,0
36,360424,2,0
36,360430,3,0
36,360430,4,0
36,360445,2,0
36,360445,3,0
36,360448,2,0
36,360448,3,0
36,360448,4,0
36,360448,5,0
36,360450,3,0
36,360459,2,0
36,360592,2,0
36,360592,3,0
36,360592,4,0
36,360592,5,0
36,360605,2,0
36,360650,2,0
36,360653,2,0
36,360664,3,0
36,360664,4,0
36,360664,5,0
36,360688,2,0
36,360703,2,0
36,360727,2,0
36,360734,2,0
36,360762,2,0
36,360792,2,0
36,360808,2,0
36,360818,2,0
36,360827,3,0
36,360827,4,0
36,360827,5,0
36,360853,2,0
36,360883,3,0
36,360883,4,0
36,360883,5,0
36,360883,6,0
36,360897,2,0
36,360942,2,0
36,360985,2,0
36,361044,2,0
36,361069,2,0
37,370020,2,0
37,370024,1,0
37,370113,2,0
37,370133,2,0
37,370133,3,0
37,370168,2,0
37,370168,3,0
37,370242,1,0
37,370274,2,0
37,370300,3,0
37,370300,4,0
37,370392,2,0
37,370537,2,0
37,370601,2,0
37,370677,2,0
37,370677,3,0
37,370690,2,0
37,370692,2,0
37,370705,1,0
37,370712,2,0
37,370729,1,0
37,370863,2,0
37,370863,3,0
37,370863,4,0
37,370863,5,0
37,370893,2,0
37,370893,3,0
37,370893,4,0
37,370896,2,0
37,370896,3,0
37,370896,4,0
37,370902,3,0
37,370919,2,0
37,371048,2,0
37,371057,3,0
37,371150,3,0
37,371150,4,0
37,371196,2,0
37,371264,2,0
37,371288,1,0
37,371404,2,0
37,371435,2,0
37,371444,2,0
37,371487,2,0
37,371516,2,0
39,390031,3,0
39,390044,2,41
39,390059,1,0
39,390080,2,0
39,390103,3,0
39,390188,2,0
39,390197,1,0
39,390333,2,0
39,390420,2,0
39,390420,3,0
39,390420,4,0
39,390420,5,0
39,390449,2,0
39,390471,2,0
39,390493,2,0
39,390495,2,0
39,390538,2,0
39,390539,2,0
39,390577,2,0
39,390672,2,0
39,390678,2,0
39,390685,2,0
39,390708,3,0
39,390719,2,0
39,390754,2,0
39,390765,2,0
39,390765,3,0
39,390765,4,0
39,390777,1,0
39,390777,2,0
39,390796,1,0
39,390831,2,0
39,390843,2,0
39,390865,2,0
39,390896,2,0
39,390899,3,0
39,390919,4,0
39,390919,5,0
39,390921,2,0
39,390960,2,0
39,391008,2,0
39,391053,2,0
39,391053,3,0
39,391076,1,0
39,391099,2,0
39,391117,2,0
39,391131,2,0
40,400006,2,0
40,400030,3,0
40,400030,4,0
40,400043,2,0
40,400109,3,0
40,400114,2,0
40,400123,3,0
40,400129,1,0
40,400136,2,0
40,400251,2,0
40,400367,1,0
40,400396,3,0
40,400408,2,0
40,400562,3,0
40,400593,2,0
40,400595,2,0
40,400595,3,0
41,410012,2,0
41,410019,2,0
41,410053,2,0
41,410115,2,0
41,410208,3,0
41,410208,4,0
41,410243,2,0
41,410277,3,0
41,410322,2,0
41,410477,2,0
41,410512,2,0
41,410520,2,0
42,420026,2,0
42,420038,2,0
42,420115,2,0
42,420176,2,0
42,420196,2,0
42,420196,3,0
42,420225,2,42
42,420225,3,0
42,420255,3,0
42,420273,2,0
42,420325,3,0
42,420325,4,0
42,420355,2,0
42,420355,3,0
42,420462,4,0
42,420462,5,0
42,420479,2,0
42,420485,2,0
42,420508,2,0
42,420508,3,0
42,420516,2,0
42,420516,3,0
42,420516,4,0
42,420519,3,0
42,420521,3,0
42,420536,2,0
42,420553,2,0
42,420557,2,0
42,420557,3,0
42,420557,4,0
42,420577,2,0
42,420583,2,0
42,420583,3,0
42,420583,4,0
42,420604,2,0
42,420604,3,0
42,420634,2,0
42,420644,2,0
42,420648,3,0
42,420651,3,0
42,420667,3,0
42,420667,4,0
42,420667,5,0
42,420667,6,0
42,420678,2,0
42,420712,2,0
42,420712,3,0
42,420712,4,0
42,420732,3,0
42,420733,2,0
42,420747,2,0
42,420747,3,0
42,420747,4,0
42,420747,5,0
42,420767,2,0
42,420770,2,0
42,420770,3,0
42,420770,4,0
42,420770,5,0
42,420781,3,0
42,420781,4,0
42,420781,5,0
42,420781,6,0
42,420781,7,0
42,420781,8,0
42,420781,9,0
42,420811,2,0
42,420833,3,0
42,420860,2,0
42,420860,3,0
42,420938,2,0
42,420955,2,0
42,420996,2,0
42,420996,3,0
42,420996,4,0
42,421014,3,0
42,421016,2,0
42,421034,2,0
42,421067,3,0
44,440003,2,0
44,440005,3,0
44,440005,4,0
45,450023,3,0
45,450023,4,0
45,450049,2,0
45,450049,3,0
45,450065,2,0
45,450104,2,0
45,450133,1,0
45,450178,2,0
45,450178,3,0
45,450195,3,0
45,450227,1,0
45,450296,3,0
45,450391,2,0
45,450394,2,0
45,450516,1,0
45,450534,2,0
45,450701,2,0
45,450701,4,0
45,450808,2,0
45,450813,2,0
45,450813,3,0
45,450911,3,0
45,450920,1,0
45,450920,2,0
45,450940,1,0
46,460044,2,0
46,460103,3,0
47,470012,2,0
47,470020,2,0
47,470020,3,0
47,470027,3,0
47,470096,2,0
47,470164,2,0
47,470184,2,0
47,470252,2,0
47,470296,2,0
47,470297,3,0
47,470371,3,0
47,470397,2,0
47,470409,1,0
47,470478,2,0
47,470616,3,0
47,470628,2,0
47,470628,3,0
47,470786,2,0
47,470786,3,0
47,470912,2,0
47,470912,3,0
47,470912,4,0
47,470951,2,0
47,471014,2,0
47,471052,2,0
47,471134,1,0
47,471164,3,0
48,480008,2,0
48,480041,5,0
48,480048,2,0
48,480092,2,0
48,480167,5,0
48,480193,2,0
48,480203,2,0
48,480217,2,0
48,480276,3,0
48,480276,4,0
48,480373,2,0
48,480400,2,0
48,480439,3,0
48,480447,2,0
48,480447,3,0
48,480513,2,0
48,480523,2,0
48,480578,2,0
48,480775,2,0
48,480775,3,0
48,480775,4,0
48,480789,2,0
48,480789,3,0
48,480789,4,0
48,480797,3,0
48,480823,2,0
48,480910,2,0
48,480910,3,0
48,480975,2,0
48,481027,2,0
48,481042,2,0
48,481078,2,0
48,481104,4,0
48,481197,2,0
48,481202,2,0
48,481230,2,0
48,481230,3,0
48,481240,2,0
48,481240,3,0
48,481256,2,0
48,481272,2,0
48,481327,2,0
48,481328,2,0
48,481328,3,0
48,481328,4,0
48,481328,5,0
48,481381,2,0
48,481381,3,0
48,481405,2,0
48,481405,3,0
48,481431,2,0
48,481432,3,0
48,481447,2,0
48,481457,2,0
48,481460,2,0
48,481498,2,0
48,481518,2,0
48,481537,2,0
48,481593,2,0
48,481600,3,0
48,481615,2,0
48,481680,2,0
48,481684,2,0
48,481684,3,0
48,481684,4,0
48,481700,2,0
48,481725,3,0
48,481736,2,0
48,481810,2,0
48,481822,2,0
48,481838,3,0
48,481876,4,0
48,481948,2,0
48,481971,2,0
48,481971,3,0
48,482039,3,0
48,482039,4,0
48,482039,5,0
48,482039,6,0
48,482079,2,0
48,482154,2,0
48,482154,3,0
48,482154,4,0
48,482202,2,0
48,482202,3,0
48,482238,3,0
48,482374,3,0
48,482400,2,0
48,482488,2,0
48,482545,3,0
48,482585,2,0
48,482585,3,0
48,482645,2,0
48,482709,3,0
48,482709,4,0
48,482717,2,0
48,482765,2,0
48,482786,4,41
48,482827,3,0
48,482871,2,0
48,482892,2,0
48,482900,2,0
48,483048,2,0
48,483222,2,0
48,483261,2,0
48,483274,2,0
48,483298,2,0
48,483426,2,0
48,483477,4,0
48,483504,2,0
48,483545,2,0
48,483547,2,0
48,483597,2,0
48,483608,2,0
48,483639,2,0
48,483697,2,0
48,483697,3,0
48,483697,4,0
48,483710,2,0
48,483717,2,0
48,483719,2,0
48,483726,2,0
48,483738,2,0
48,483738,3,0
48,483738,4,0
48,483745,2,0
48,483832,2,0
48,483869,2,0
48,483882,2,0
48,483882,3,0
49,490034,3,0
49,490088,2,41
49,490103,2,0
49,490103,3,0
49,490133,2,0
49,490138,2,0
49,490200,3,0
49,490242,2,0
51,510003,2,0
51,510055,2,0
51,510055,3,0
51,510055,4,0
51,510065,2,0
51,510138,2,0
51,510310,3,0
51,510395,2,0
51,510430,2,0
51,510430,3,0
51,510430,4,0
51,510436,2,0
51,510528,1,0
51,510538,3,0
51,510543,2,0
51,510556,2,0
51,510578,2,0
51,510580,2,0
51,510627,2,0
51,510654,2,0
51,510676,3,0
51,510686,2,0
51,510698,2,0
51,510698,3,0
51,510698,4,0
51,510726,2,0
51,510737,2,0
51,510769,3,0
51,510769,4,0
51,510850,2,0
51,510861,2,0
53,530073,2,0
53,530090,2,0
53,530093,3,0
53,530152,2,0
53,530221,2,0
53,530244,2,0
53,530277,2,0
53,530290,2,0
53,530332,2,0
53,530332,3,0
53,530346,2,0
53,530359,3,0
53,530489,2,0
53,530549,2,0
53,530568,2,0
53,530573,5,0
53,530649,2,0
53,530649,3,0
53,530676,2,0
53,530708,2,0
54,540083,2,0
54,540087,3,0
54,540087,4,0
54,540112,2,0
54,540172,2,0
54,540195,2,0
54,540204,2,0
54,540220,1,42
55,550151,3,0
55,550161,1,0
55,550208,2,0
55,550208,3,0
55,550208,4,0
55,550314,3,0
55,550349,2,42
55,550352,2,0
55,550421,2,0
55,550445,2,35
55,550511,2,0
55,550513,2,42
55,550516,2,0
55,550516,3,0
55,550523,2,0
55,550523,3,0
55,550528,4,0
55,550533,2,0
55,550533,3,0
55,550533,4,0
56,560004,2,0
56,560037,1,0
56,560066,2,0
