STATE,CITY,CITYNAME
1,0,NOT APPLICABLE
1,50,ALBERTVILLE
1,70,ALICEVILLE
1,90,ANDALUSIA
1,100,ANNISTON
1,140,ASHFORD
1,170,ATHENS
1,200,AUBURN
1,330,BESSEMER
1,350,BIRMINGHAM
1,400,BOAZ
1,470,BREWTON
1,480,BRIDGEPORT
1,505,BROOKWOOD
1,510,BRUNDIDGE
1,520,BUTLER
1,630,CENTRE
1,680,CHILDERSBURG
1,700,CLANTON
1,710,CLAYTON
1,750,COLLINSVILLE
1,830,CULLMAN
1,860,DAPHNE
1,890,DECATUR
1,900,DEMOPOLIS
1,930,DOTHAN
1,970,ECLECTIC
1,1000,EDWARDSVILLE
1,1030,ENTERPRISE
1,1050,EUFAULA
1,1080,EVERGREEN
1,1100,VALLEY
1,1120,FAIRHOPE
1,1200,FLORENCE
1,1210,FOLEY
1,1230,FORT PAYNE
1,1236,FRANKLIN
1,1280,GADSDEN
1,1350,GEORGIANA
1,1370,GLENCOE
1,1460,GREENVILLE
1,1493,GULF SHORES
1,1500,GUNTERSVILLE
1,1530,HALEYVILLE
1,1540,HAMILTON
1,1560,HANCEVILLE
1,1590,HARTSELLE
1,1610,HEADLAND
1,1620,HEFLIN
1,1630,HELENA
1,1632,HENAGAR
1,1710,HOMEWOOD
1,1716,HOOVER
1,1717,HUEYTOWN
1,1730,HUNTSVILLE
1,1745,IDER
1,1750,IRONDALE
1,1760,JACKSON
1,1780,JASPER
1,1790,JEMISON
1,1806,KILLEN
1,1807,KIMBERLY
1,1830,LANETT
1,1915,LITTLEVILLE
1,1920,LIVINGSTON
1,1943,LOXLEY
1,1970,MADISON
1,2100,MOBILE
1,2120,MONTEVALLO
1,2130,MONTGOMERY
1,2136,MOODY
1,2150,MOULTON
1,2170,MOUNTAIN BROOK
1,2175,MOUNT VERNON
1,2190,MUSCLE SHOALS
1,2230,NEWTON
1,2260,NORTHPORT
1,2320,ODENVILLE
1,2325,OHATCHEE
1,2340,OPELIKA
1,2350,OPP
1,2355,ORANGE BEACH
1,2370,OXFORD
1,2405,PELHAM
1,2440,PHENIX CITY
1,2450,PHIL CAMPBELL
1,2458,PICKENSVILLE
1,2465,PIKE ROAD
1,2490,PINE HILL
1,2500,PISGAH
1,2540,PRATTVILLE
1,2545,PRICEVILLE
1,2550,PRICHARD
1,2560,RAGLAND
1,2564,RAINSVILLE
1,2620,RIVERSIDE
1,2650,ROBERTSDALE
1,2690,RUSSELLVILLE
1,2712,SANFORD
1,2720,SCOTTSBORO
1,2760,SELMA
1,2765,SEMMES
1,2780,SHEFFIELD
1,2805,SKYLINE
1,2822,SOUTHSIDE
1,2850,STEVENSON
1,2890,SUMMERDALE
1,2900,SYLACAUGA
1,2910,TALLADEGA
1,2960,TARRANT
1,2980,THOMASVILLE
1,3000,TOWN CREEK
1,3026,TRIANA
1,3040,TROY
1,3050,TUSCALOOSA
1,3060,TUSCUMBIA
1,3070,TUSKEGEE
1,3080,TRUSSVILLE
1,3090,UNION SPRINGS
1,3125,VESTAVIA HILLS
1,3230,WEDOWEE
1,3270,WETUMPKA
1,9997,Other
2,0,NOT APPLICABLE
2,120,ANCHOR POINT
2,130,ANCHORAGE
2,290,DELTA JUNCTION
2,292,BIG LAKE
2,490,COPPER CENTER
2,760,ESTER
2,770,FAIRBANKS
2,870,GLENNALLEN
2,1030,HOUSTON
2,1300,KIVALINA
2,1760,NENANA
2,1815,PORT NIKISKI
2,1850,NINILCHIK
2,1895,NORTH POLE
2,2000,PALMER
2,2233,SALCHA
2,2300,SEWARD
2,2360,SITKA
2,2790,WASILLA
2,2823,WILLOW
2,9997,Other
4,0,NOT APPLICABLE
4,10,AJO
4,17,AMADO
4,22,APACHE JUNCTION
4,24,ARIVACA
4,25,ARIZONA CITY
4,28,ASH FORK
4,30,AVONDALE
4,33,BAGDAD
4,34,BAPCHULE
4,40,BENSON
4,53,BLACK CANYON CITY
4,55,BOUSE
4,59,BULLHEAD CITY
4,60,BUCKEYE
4,63,BYLAS
4,64,CAMERON
4,65,CAMP VERDE
4,68,CAREFREE
4,70,CASA GRANDE
4,80,CHANDLER
4,82,CHINO VALLEY
4,83,CHINLE
4,84,CHLORIDE
4,85,CIBECUE
4,104,COLORADO CITY
4,105,CONGRESS
4,106,CONCHO
4,110,COOLIDGE
4,120,COTTONWOOD
4,122,CROWN KING
4,123,DATELAND
4,126,DEWEY-HUMBOLDT
4,128,DENNEHOTSO
4,130,DOUGLAS
4,131,DILKON
4,135,DOLAN SPRINGS
4,137,DRAGOON
4,158,EL MIRAGE
4,160,ELOY
4,170,FLAGSTAFF
4,178,FORT MOHAVE
4,179,FOREST LAKES ESTATES
4,180,FLORENCE
4,183,FORT DEFIANCE
4,184,FORT MCDOWELL
4,186,FREDONIA
4,189,GILA BEND
4,190,GILBERT
4,192,FOUNTAIN HILLS
4,200,GLENDALE
4,210,GLOBE
4,216,GOLD CANYON
4,217,GOLDEN VALLEY
4,219,GREEN VALLEY
4,220,GOODYEAR
4,232,HEBER
4,233,HEREFORD
4,240,HOLBROOK
4,241,HUACHUCA CITY
4,243,HOUCK
4,250,JEROME
4,254,KAIBITO
4,257,KIRKLAND
4,260,KINGMAN
4,262,PINETOP-LAKESIDE
4,263,LITCHFIELD PARK
4,266,LAVEEN
4,267,LEUPP
4,268,LAKE HAVASU CITY
4,269,LITTLEFIELD
4,271,LAKE MONTEZUMA
4,273,LUPTON
4,277,MARBLE CANYON
4,280,MCNARY
4,290,MESA
4,295,MARANA
4,299,MAYER
4,322,MORRISTOWN
4,330,NOGALES
4,332,ORACLE
4,334,OVERGAARD
4,335,ORO VALLEY
4,336,PAGE
4,339,PARADISE VALLEY
4,340,PARKER
4,341,NEW RIVER
4,365,PAYSON
4,368,PEORIA
4,369,PERIDOT
4,370,PHOENIX
4,373,PRESCOTT VALLEY
4,377,PINE
4,379,PINETOP
4,380,PIMA
4,386,PRESCOTT
4,387,QUARTZSITE
4,388,QUEEN CREEK
4,392,RIO RICO
4,394,RIMROCK
4,397,ROUND ROCK
4,400,SAINT JOHNS
4,401,SAINT DAVID
4,405,SACATON
4,407,SAHUARITA
4,410,SAFFORD
4,413,SALOME
4,415,SANDERS
4,420,SCOTTSDALE
4,423,SELIGMAN
4,424,SAN SIMON
4,425,SELLS
4,428,SEDONA
4,429,SHOW LOW
4,430,SNOWFLAKE
4,431,SIERRA VISTA
4,432,SHONTO
4,435,SAN TAN VALLEY
4,439,SOLOMON
4,472,STANFIELD
4,474,STRAWBERRY
4,475,SUN CITY
4,476,SUN CITY WEST
4,477,SUN LAKES
4,486,SURPRISE
4,487,SUPERIOR
4,490,TEMPE
4,491,TANQUE VERDE
4,500,THATCHER
4,510,TOLLESON
4,520,TOMBSTONE
4,522,TONALEA
4,523,TOPAWA
4,525,TONOPAH
4,527,TOPOCK
4,528,TUBA CITY
4,529,TUBAC
4,530,TUCSON
4,531,TORTILLA FLAT
4,534,VAIL
4,538,VERNON
4,539,WADDELL
4,553,WELLTON
4,565,WHITERIVER
4,570,WICKENBURG
4,572,WIKIEUP
4,580,WILLCOX
4,590,WILLIAMS
4,610,WINSLOW
4,615,WITTMANN
4,616,YARNELL
4,618,YOUNGTOWN
4,619,YUCCA
4,620,YUMA
4,9898,Not Reported
4,9997,Other
4,9999,Unknown
5,0,NOT APPLICABLE
5,250,BATESVILLE
5,270,BAY
5,290,BEEBE
5,330,BENTON
5,340,BENTONVILLE
5,450,BLYTHEVILLE
5,480,BOONEVILLE
5,570,BRYANT
5,600,CABOT
5,603,CADDO VALLEY
5,630,CAMDEN
5,660,CARLISLE
5,680,CASA
5,700,CAVE CITY
5,740,CENTERTON
5,800,CLARKSVILLE
5,820,CLINTON
5,860,CONWAY
5,880,COTTER
5,980,DARDANELLE
5,990,DATTO
5,1060,DE QUEEN
5,1090,DE VALLS BLUFF
5,1105,DIAZ
5,1117,DONALDSON
5,1150,DUMAS
5,1210,EL DORADO
5,1308,FARMINGTON
5,1310,FAYETTEVILLE
5,1370,FORT SMITH
5,1410,FRANKLIN
5,1450,GARFIELD
5,1550,GRADY
5,1630,GREENWOOD
5,1631,GREERS FERRY
5,1750,HARRISON
5,1810,HAZEN
5,1820,HEBER SPRINGS
5,1907,HOT SPRINGS
5,2036,JACKSONVILLE
5,2045,JEFFERSON
5,2070,JONESBORO
5,2190,LAKE CITY
5,2320,LITTLE ROCK
5,2350,LONOKE
5,2510,MAMMOTH SPRING
5,2550,MARION
5,2560,MARKED TREE
5,2580,MARSHALL
5,2592,MAUMELLE
5,2630,MENA
5,2676,MONROE
5,2730,MOUNTAIN HOME
5,2750,MOUNTAIN VIEW
5,2790,NASHVILLE
5,2880,NORTH LITTLE ROCK
5,2920,OGDEN
5,3000,OZARK
5,3100,PEA RIDGE
5,3110,PERRY
5,3150,PINE BLUFF
5,3230,POTTSVILLE
5,3390,ROGERS
5,3450,RUSSELLVILLE
5,3501,SALESVILLE
5,3530,SEARCY
5,3570,SHERWOOD
5,3610,SILOAM SPRINGS
5,3670,SPRINGDALE
5,3740,SUBIACO
5,3810,TEXARKANA
5,3930,VAN BUREN
5,4010,WALNUT RIDGE
5,4020,WARD
5,4120,WEST MEMPHIS
5,4260,WYNNE
6,0,NOT APPLICABLE
6,3,ADELANTO
6,10,ALAMEDA
6,20,ALBANY
6,29,ALISO VIEJO
6,30,ALHAMBRA
6,80,ANAHEIM
6,90,ANDERSON
6,110,ANTIOCH
6,115,APPLE VALLEY
6,120,ARCADIA
6,130,ARCATA
6,170,ATASCADERO
6,190,ATWATER
6,200,AUBURN
6,230,AZUSA
6,240,BAKERSFIELD
6,250,BANNING
6,260,BARSTOW
6,290,BEAUMONT
6,300,BELL
6,305,BELLFLOWER
6,306,BELL GARDENS
6,340,BERKELEY
6,360,BIG BEAR LAKE
6,390,BISHOP
6,410,BLYTHE
6,440,BRAWLEY
6,450,BREA
6,460,BRENTWOOD
6,470,BUENA PARK
6,480,BURBANK
6,490,BURLINGAME
6,518,CALABASAS
6,520,CALEXICO
6,522,CALIFORNIA CITY
6,526,CALIMESA
6,537,CAMPBELL
6,538,CAMARILLO
6,560,CARLSBAD
6,600,CARPINTERIA
6,602,CARSON
6,612,CATHEDRAL CITY
6,639,CERRITOS
6,640,CERES
6,660,CHICO
6,680,CHINO
6,681,CHINO HILLS
6,710,CHULA VISTA
6,712,CITRUS HEIGHTS
6,713,INDUSTRY
6,714,CITY OF COMMERCE
6,719,CLEARLAKE
6,720,CLAREMONT
6,740,CLOVIS
6,750,COACHELLA
6,770,COLFAX
6,790,COLTON
6,804,COMMERCE
6,810,COMPTON
6,820,CONCORD
6,830,CORCORAN
6,850,CORONA
6,860,CORONADO
6,880,COSTA MESA
6,890,COVINA
6,930,CULVER CITY
6,940,CUPERTINO
6,960,CYPRESS
6,970,DALY CITY
6,972,DANA POINT
6,1000,DELANO
6,1003,DESERT HOT SPRINGS
6,1004,DEL MAR
6,1015,DIAMOND BAR
6,1020,DIXON
6,1045,DOWNEY
6,1047,DUARTE
6,1066,EAST LOS ANGELES
6,1080,EL CAJON
6,1090,EL CENTRO
6,1108,ELK GROVE
6,1110,EL MONTE
6,1150,EL SEGUNDO
6,1155,LAKE FOREST
6,1160,LAKE ELSINORE
6,1170,EMERYVILLE
6,1179,EASTVALE
6,1182,ENCINITAS
6,1190,ESCALON
6,1200,ESCONDIDO
6,1220,EUREKA
6,1260,FAIRFIELD
6,1300,FOLSOM
6,1305,FONTANA
6,1345,FOUNTAIN VALLEY
6,1350,FOWLER
6,1364,FREMONT
6,1370,FRESNO
6,1380,FULLERTON
6,1400,GARDENA
6,1410,GARDEN GROVE
6,1420,GILROY
6,1430,GLENDALE
6,1440,GLENDORA
6,1445,GOLETA
6,1457,GRAND TERRACE
6,1490,GRIDLEY
6,1510,GUADALUPE
6,1530,HALF MOON BAY
6,1540,HANFORD
6,1550,HAWTHORNE
6,1560,HAYWARD
6,1570,HEALDSBURG
6,1580,HEMET
6,1590,HERCULES
6,1600,HERMOSA BEACH
6,1603,HESPERIA
6,1610,HILLSBOROUGH
6,1620,HOLLISTER
6,1660,HUNTINGTON BEACH
6,1670,HUNTINGTON PARK
6,1685,IMPERIAL BEACH
6,1688,INDIO
6,1690,INDIO
6,1700,INGLEWOOD
6,1713,EAST IRVINE
6,1716,IRWINDALE
6,1730,JURUPA VALLEY
6,1770,KINGSBURG
6,1779,LAFAYETTE
6,1780,LAGUNA BEACH
6,1786,LAGUNA NIGUEL
6,1787,LAGUNA WOODS
6,1790,LA HABRA
6,1801,LAKE ELSINORE
6,1820,LA MESA
6,1840,LANCASTER
6,1842,LA PALMA
6,1845,LA PUENTE
6,1846,LA QUINTA
6,1865,LATHROP
6,1870,LA VERNE
6,1871,LAWNDALE
6,1876,LEMON GROVE
6,1890,LINCOLN
6,1920,LIVERMORE
6,1940,LODI
6,1947,LOMA LINDA
6,1970,LONG BEACH
6,1974,LOS ALAMITOS
6,1977,LOS ALTOS HILLS
6,1980,LOS ANGELES
6,2020,LYNWOOD
6,2050,MADERA
6,2054,MALIBU
6,2060,MANHATTAN BEACH
6,2070,MANTECA
6,2084,MARINA
6,2090,MARTINEZ
6,2116,MENIFEE
6,2150,MERCED
6,2199,MISSION VIEJO
6,2200,MODESTO
6,2220,MONROVIA
6,2238,MONTCLAIR
6,2240,MONTEBELLO
6,2250,MONTEREY
6,2260,MONTEREY PARK
6,2278,MORENO VALLEY
6,2280,MORGAN HILL
6,2290,MORRO BAY
6,2300,MOUNT SHASTA
6,2327,MURRIETA
6,2340,NATIONAL CITY
6,2341,NAVAL AIR STATION SAN DIEGO
6,2350,NEEDLES
6,2360,NEVADA CITY
6,2370,NEWARK
6,2390,NEWMAN
6,2400,NEWPORT BEACH
6,2420,NORCO
6,2432,NORTH PALM SPRINGS
6,2458,NORWALK
6,2460,NOVATO
6,2470,OAKDALE
6,2480,OAKLAND
6,2485,OAKLEY
6,2510,OCEANSIDE
6,2530,OJAI
6,2550,ONTARIO
6,2560,ORANGE
6,2583,ORINDA
6,2620,OXNARD
6,2645,PALMDALE
6,2646,PALM DESERT
6,2647,PALM SPRINGS
6,2650,GARNET
6,2660,PALO ALTO
6,2700,PASADENA
6,2705,PASO ROBLES
6,2730,PERRIS
6,2749,PICO RIVERA
6,2750,PIEDMONT
6,2770,PINOLE
6,2780,PISMO BEACH
6,2790,PITTSBURG
6,2870,POMONA
6,2880,PORTERVILLE
6,2905,PRESIDIO OF SAN FRANCISCO (HISTORICAL)
6,2922,RANCHO CUCAMONGA
6,2934,RANCHO CORDOVA
6,2935,RANCHO MIRAGE
6,2940,RED BLUFF
6,2950,REDDING
6,2960,REDLANDS
6,2970,REDONDO BEACH
6,2980,REDWOOD CITY
6,2990,REEDLEY
6,3000,RIALTO
6,3010,RICHMOND
6,3020,RIDGECREST
6,3040,RIO VISTA
6,3060,RIVERBANK
6,3070,RIVERSIDE
6,3080,ROCKLIN
6,3089,ROHNERT PARK
6,3105,ROSEMEAD
6,3110,ROSEVILLE
6,3120,ROSS
6,3150,SACRAMENTO
6,3160,SAINT HELENA
6,3180,SALINAS
6,3210,SAN BERNARDINO
6,3240,SAN CARLOS
6,3250,SAN CLEMENTE
6,3260,SAN DIEGO
6,3270,SAN DIMAS
6,3280,SAN FERNANDO
6,3290,SAN FRANCISCO
6,3310,SANGER
6,3320,SAN JACINTO
6,3340,SAN JOSE
6,3360,SAN LEANDRO
6,3370,SAN LUIS OBISPO
6,3371,SAN LUIS REY
6,3375,SAN MARCOS
6,3390,SAN MATEO
6,3400,SAN PABLO
6,3410,SAN RAFAEL
6,3412,SAN RAMON
6,3420,SANTA ANA
6,3430,SANTA BARBARA
6,3440,SANTA CLARA
6,3445,SANTA CLARITA
6,3450,SANTA CRUZ
6,3455,SANTA FE SPRINGS
6,3460,SANTA MARIA
6,3470,SANTA MONICA
6,3480,SANTA PAULA
6,3490,SANTA ROSA
6,3520,SARATOGA
6,3558,SEAL BEACH
6,3560,SEASIDE
6,3590,SELMA
6,3600,SHAFTER
6,3604,SHASTA LAKE
6,3630,SIGNAL HILL
6,3641,SIMI VALLEY
6,3686,SOUTH EL MONTE
6,3690,SOUTH GATE
6,3730,SOUTH SAN FRANCISCO
6,3760,STANTON
6,3770,STOCKTON
6,3790,SUNNYVALE
6,3820,TAFT
6,3851,TEMECULA
6,3853,TEMPLE CITY
6,3860,THOUSAND OAKS
6,3870,TORRANCE
6,3880,TRACY
6,3920,TULARE
6,3950,TURLOCK
6,3960,TUSTIN
6,3970,TWENTYNINE PALMS
6,3990,UKIAH
6,4000,UPLAND
6,4010,VACAVILLE
6,4020,VALLEJO
6,4027,VENTURA
6,4030,VERNON
6,4040,VICTORVILLE
6,4050,VISALIA
6,4060,VISTA
6,4069,WALNUT
6,4070,WALNUT CREEK
6,4080,WASCO
6,4090,WATERFORD
6,4100,WATSONVILLE
6,4120,WEST COVINA
6,4124,WEST HOLLYWOOD
6,4126,WESTLAKE VILLAGE
6,4130,WESTMINSTER
6,4163,WEST SACRAMENTO
6,4190,WHITTIER
6,4197,WILDOMAR
6,4258,WOODLAND
6,4266,YREKA
6,4267,YORBA LINDA
6,4280,YUBA CITY
6,4290,YUCAIPA
6,4291,YUCCA VALLEY
6,9997,Other
8,0,NOT APPLICABLE
8,80,ARVADA
8,90,ASPEN
8,110,AURORA
8,114,AVON
8,150,BERTHOUD
8,200,BOULDER
8,230,BRIGHTON
8,253,BROOMFIELD
8,310,CANON CITY
8,330,CASTLE ROCK
8,345,CENTENNIAL
8,430,COLORADO SPRINGS
8,434,COMMERCE CITY
8,450,CORTEZ
8,600,DENVER
8,650,DURANGO
8,690,EATON
8,695,ORCHARD CITY
8,740,ENGLEWOOD
8,780,EVANS
8,800,FEDERAL HEIGHTS
8,810,FIRESTONE
8,860,FORT COLLINS
8,870,FORT LUPTON
8,890,FOUNTAIN
8,908,FRASER
8,910,FREDERICK
8,1000,GOLDEN
8,1040,GRAND JUNCTION
8,1070,GREELEY
8,1085,GREENWOOD VILLAGE
8,1110,GYPSUM
8,1220,HUDSON
8,1340,KERSEY
8,1435,LAKEWOOD
8,1520,LITTLETON
8,1529,LONE TREE
8,1530,LONGMONT
8,1540,LOUISVILLE
8,1550,LOVELAND
8,1620,MEAD
8,1700,MONTROSE
8,1771,NORTHGLENN
8,1910,PAGOSA SPRINGS
8,1952,PARKER
8,1990,PLATTEVILLE
8,2050,PUEBLO
8,2120,RIDGWAY
8,2130,RIFLE
8,2270,SHERIDAN
8,2370,STERLING
8,2427,THORNTON
8,2440,TRINIDAD
8,2490,WALDEN
8,2550,WESTMINSTER
8,2555,WHEAT RIDGE
8,9997,Other
9,15,AVON
9,38,BEACON FALLS
9,46,BERLIN
9,60,BLOOMFIELD
9,64,BOLTON
9,66,GILMAN
9,70,BRANFORD
9,80,BRIDGEPORT
9,89,BURLINGTON
9,90,BRISTOL
9,95,BROAD BROOK
9,98,BROOKFIELD
9,99,BROOKLYN
9,104,CANTERBURY
9,108,CHAPLIN
9,110,CHESHIRE
9,120,CHESTER
9,140,COLCHESTER
9,160,CROMWELL
9,170,DANBURY
9,185,NOROTON
9,200,DERBY
9,205,DURHAM
9,219,FLANDERS
9,220,EAST HAMPTON
9,222,EAST HAVEN
9,225,EAST HARTFORD
9,227,EASTON
9,228,ELLINGTON
9,229,ENFIELD
9,235,FAIRFIELD
9,237,FARMINGTON
9,244,FRANKLIN
9,255,GLASTONBURY
9,260,GROTON
9,261,GOSHEN
9,263,FORT GRISWOLD (HISTORICAL)
9,265,GUILFORD
9,266,HADDAM
9,267,HAMDEN
9,280,HARTFORD
9,286,HARWINTON
9,293,HEBRON
9,330,KILLINGLY CENTER
9,339,LEDYARD
9,349,LISBON
9,350,LITCHFIELD
9,365,MANCHESTER
9,370,MERIDEN
9,375,MIDDLEBURY
9,380,MIDDLETOWN
9,385,MILFORD
9,389,MOODUS
9,420,NEW BRITAIN
9,428,NEW HARTFORD
9,430,NEW HAVEN
9,435,NEWINGTON
9,440,NEW LONDON
9,450,NEW MILFORD
9,460,NEWTOWN
9,491,NORFOLK
9,495,NORTH BRANFORD
9,496,NORTHFIELD
9,502,NORTH HAVEN
9,510,NORWALK
9,520,NORWICH
9,541,OXFORD
9,555,PLAINVILLE
9,572,PLYMOUTH
9,580,PORTLAND
9,584,PRESTON
9,590,PUTNAM
9,610,RIDGEFIELD
9,630,ROCKY HILL
9,632,SALEM
9,650,SHELTON
9,669,SOUTHBURY
9,680,SOUTHINGTON
9,700,STAMFORD
9,710,STONINGTON
9,715,STRATFORD
9,718,SUFFIELD
9,723,TARIFFVILLE
9,740,THOMASTON
9,756,TOLLAND
9,760,WEST TORRINGTON
9,765,TRUMBULL
9,775,UNION
9,785,VERNON
9,787,VOLUNTOWN
9,790,WALLINGFORD
9,810,WATERBURY
9,822,WESTBROOK
9,823,WEST HARTFORD
9,825,WEST HAVEN
9,835,WESTPORT
9,838,WETHERSFIELD
9,840,WILLIMANTIC
9,842,WINDSOR
9,845,WINDSOR LOCKS
9,846,WILLINGTON HILL
9,852,WOLCOTT
9,854,WOODBRIDGE
9,858,WOODSTOCK
10,0,NOT APPLICABLE
10,8,BEAR
10,70,CAMDEN
10,130,DOVER
10,190,FREDERICA
10,200,GEORGETOWN
10,205,GLASGOW
10,280,LEWES
10,285,LINCOLN
10,310,MIDDLETOWN
10,320,MILFORD
10,350,MILTON
10,360,NEWARK
10,370,NEW CASTLE
10,380,NEWPORT
10,420,SEAFORD
10,450,SMYRNA
10,480,WOODSIDE
10,490,WILMINGTON
11,10,WASHINGTON
12,0,NOT APPLICABLE
12,10,ALACHUA
12,20,ALFORD
12,30,ALTAMONTE SPRINGS
12,70,APOPKA
12,110,ATLANTIC BEACH
12,112,ATLANTIS
12,130,AVON PARK
12,150,BAL HARBOUR
12,160,BARTOW
12,180,BAY HARBOR ISLANDS
12,220,BELLEVIEW
12,250,BISCAYNE PARK
12,290,BOCA RATON
12,310,BONIFAY
12,312,BONITA SPRINGS
12,320,BOWLING GREEN
12,330,BOYNTON BEACH
12,340,BRADENTON
12,390,BROOKSVILLE
12,410,BUNNELL
12,430,CALLAHAN
12,454,CAPE CANAVERAL
12,457,CAPE CORAL
12,480,CASSELBERRY
12,540,CHIEFLAND
12,570,CLEARWATER
12,580,CLERMONT
12,620,COCOA
12,630,COCOA BEACH
12,633,COCONUT CREEK
12,640,COLEMAN
12,663,COOPER CITY
12,670,CORAL GABLES
12,672,CORAL SPRINGS
12,710,CRESTVIEW
12,730,CRYSTAL RIVER
12,750,DADE CITY
12,760,DANIA BEACH
12,770,DAVENPORT
12,771,DAVIE
12,780,DAYTONA BEACH
12,782,DAYTONA BEACH SHORES
12,787,DEBARY
12,790,DEERFIELD BEACH
12,810,DELAND
12,817,DE LEON SPRINGS
12,820,DELRAY BEACH
12,825,DELTONA
12,835,DESTIN
12,860,DUNEDIN
12,920,EDGEWATER
12,947,ESTERO
12,960,EUSTIS
12,1010,FERNANDINA BEACH
12,1030,FLORIDA CITY
12,1050,FORT LAUDERDALE
12,1070,FORT MYERS
12,1080,FORT PIERCE
12,1091,FORT WALTON BEACH
12,1130,GAINESVILLE
12,1190,GREENACRES CITY
12,1200,GREEN COVE SPRINGS
12,1220,GREENVILLE
12,1240,GROVELAND
12,1270,HAINES CITY
12,1280,HALLANDALE BEACH
12,1300,HASTINGS
12,1320,HAWTHORNE
12,1340,HIALEAH
12,1345,HIALEAH GARDENS
12,1410,HOLLY HILL
12,1420,HOLLYWOOD
12,1440,HOMESTEAD
12,1465,IMMOKALEE
12,1500,INVERNESS
12,1505,ISLAMORADA
12,1510,JACKSONVILLE
12,1520,JACKSONVILLE BEACH
12,1560,JUPITER
12,1580,KEY WEST
12,1590,KISSIMMEE
12,1600,LABELLE
12,1630,LADY LAKE
12,1650,LAKE BUTLER
12,1660,LAKE CITY
12,1690,LAKELAND
12,1720,LAKE PARK
12,1740,LAKE WALES
12,1750,LAKE WORTH
12,1760,LANTANA
12,1770,LARGO
12,1781,LAUDERDALE LAKES
12,1782,LAUDERHILL
12,1820,LEESBURG
12,1823,LEHIGH ACRES
12,1826,LIGHTHOUSE POINT
12,1837,LAYTON
12,1846,LOXAHATCHEE GROVES
12,1890,MADISON
12,1895,MAITLAND
12,1896,MALABAR
12,1925,MARATHON
12,1926,MARCO
12,1930,MARIANNA
12,1960,MASCOTTE
12,1980,MEDLEY
12,1990,MELBOURNE
12,2005,MERRITT ISLAND
12,2010,MIAMI
12,2020,MIAMI BEACH
12,2023,MIAMI GARDENS
12,2030,MIAMI SHORES
12,2060,MIDWAY
12,2073,MIMS
12,2083,MIRAMAR
12,2130,MOUNT DORA
12,2140,MULBERRY
12,2150,NAPLES
12,2159,NEPTUNE BEACH
12,2170,NEWBERRY
12,2180,NEW PORT RICHEY
12,2190,NEW SMYRNA BEACH
12,2219,NORTH LAUDERDALE
12,2220,NORTH MIAMI
12,2230,NORTH MIAMI BEACH
12,2232,WINTER SPRINGS
12,2235,NORTH PORT
12,2260,OAKLAND PARK
12,2270,OCALA
12,2290,OCOEE
12,2300,OKEECHOBEE
12,2310,OLDSMAR
12,2330,OPA-LOCKA
12,2340,ORANGE CITY
12,2350,ORANGE PARK
12,2360,ORLANDO
12,2375,ORMOND BEACH
12,2382,OTTER CREEK
12,2390,OVIEDO
12,2420,PALATKA
12,2424,PALM BAY
12,2431,PALM BEACH GARDENS
12,2438,PALM CITY
12,2439,PALM COAST
12,2440,PALMETTO
12,2446,PALM SPRINGS
12,2450,PANAMA CITY
12,2451,PANAMA CITY BEACH
12,2456,PARKER
12,2457,PARKLAND
12,2466,PEMBROKE PARK
12,2468,PEMBROKE PINES
12,2490,PENSACOLA
12,2510,PERRY
12,2520,PIERSON
12,2530,PINELLAS PARK
12,2540,PLANT CITY
12,2541,PLANTATION
12,2570,POMPANO BEACH
12,2573,PORT CHARLOTTE
12,2580,PORT ORANGE
12,2590,PORT RICHEY
12,2601,PORT SAINT LUCIE
12,2620,PUNTA GORDA
12,2630,QUINCY
12,2660,RIVIERA BEACH
12,2670,ROCKLEDGE
12,2674,ROYAL PALM BEACH
12,2690,SAINT AUGUSTINE
12,2700,SAINT CLOUD
12,2708,SAINT JOHNS
12,2730,SAINT PETERSBURG
12,2770,SANFORD
12,2780,SARASOTA
12,2790,SEBASTIAN
12,2800,SEBRING
12,2806,SEMINOLE
12,2820,SHALIMAR
12,2850,SOUTH DAYTONA
12,2890,STARKE
12,2900,STUART
12,2916,SUNRISE
12,2930,SWEETWATER
12,2940,TALLAHASSEE
12,2948,TAMARAC
12,2950,TAMPA
12,2960,TARPON SPRINGS
12,2970,TAVARES
12,2980,TEMPLE TERRACE
12,3000,TITUSVILLE
12,3020,TRENTON
12,3050,VENICE
12,3120,WAUCHULA
12,3147,WELLINGTON
12,3175,WEST MELBOURNE
12,3190,WEST PALM BEACH
12,3193,WESTON
12,3210,WEWAHITCHKA
12,3230,WILDWOOD
12,3240,WILLISTON
12,3250,WILTON MANORS
12,3290,WINTER GARDEN
12,3300,WINTER HAVEN
12,3311,WINTER SPRINGS
12,3326,YULEE
12,3330,ZEPHYRHILLS
12,9898,Not Reported
12,9997,Other
13,0,NOT APPLICABLE
13,20,ACWORTH
13,30,ADAIRSVILLE
13,40,ADEL
13,90,ALBANY
13,110,ALMA
13,120,ALPHARETTA
13,140,ALTO
13,170,AMERICUS
13,195,APPLING
13,200,ARABI
13,250,ASHBURN
13,270,ATHENS
13,280,ATLANTA
13,300,AUBURN
13,310,AUGUSTA
13,320,AUSTELL
13,350,AVONDALE ESTATES
13,360,BACONTON
13,370,BAINBRIDGE
13,380,BALDWIN
13,390,BALL GROUND
13,400,BARNESVILLE
13,402,BARNETT
13,440,BAXLEY
13,470,BENEVOLENCE
13,540,BLAIRSVILLE
13,550,BLAKELY
13,560,BLUE RIDGE
13,580,BLYTHE
13,590,BOGART
13,606,BONAIRE
13,607,BONEVILLE
13,630,BOWDON
13,690,BREMEN
13,710,BRISTOL
13,722,BROOKHAVEN
13,760,BRUNSWICK
13,790,BUENA VISTA
13,800,BUFORD
13,810,BUTLER
13,830,BYRON
13,850,CAIRO
13,860,CALHOUN
13,880,CAMILLA
13,900,CANON
13,920,CANTON
13,970,CARROLLTON
13,980,CARTERSVILLE
13,1010,CEDARTOWN
13,1025,CENTERVILLE
13,1060,CHAMBLEE
13,1080,CHATSWORTH
13,1090,CHAUNCEY
13,1150,CLARKESVILLE
13,1160,CLAXTON
13,1170,CLAYTON
13,1190,CLEVELAND
13,1200,CLIMAX
13,1220,COCHRAN
13,1230,COLBERT
13,1250,COLLEGE PARK
13,1280,COLUMBUS
13,1290,COMER
13,1300,COMMERCE
13,1310,CONCORD
13,1320,CONYERS
13,1330,COOLIDGE
13,1340,CORDELE
13,1380,COVINGTON
13,1390,CRANDALL
13,1410,CRAWFORDVILLE
13,1440,CUMMING
13,1450,CUSSETA
13,1480,DAHLONEGA
13,1500,DALLAS
13,1510,DALTON
13,1560,DARIEN
13,1580,DAWSON
13,1590,DAWSONVILLE
13,1610,DECATUR
13,1630,DEMOREST
13,1710,DIXIE
13,1740,DONALSONVILLE
13,1750,DORAVILLE
13,1760,DOUGLAS
13,1770,DOUGLASVILLE
13,1780,DUBLIN
13,1810,DULUTH
13,1815,DUNWOODY
13,1848,EAST DUBLIN
13,1850,EAST ELLIJAY
13,1860,EAST GRIFFIN
13,1900,EAST POINT
13,1930,EATONTON
13,1950,ELBERTON
13,1975,ELLABELL
13,2000,ELLIJAY
13,2010,EMERSON
13,2045,EVANS
13,2050,EXPERIMENT
13,2060,FAIRBURN
13,2110,FAYETTEVILLE
13,2160,FLOWERY BRANCH
13,2180,FOREST PARK
13,2190,STONECREST
13,2210,FORT OGLETHORPE
13,2220,FORT VALLEY
13,2230,FRANKLIN
13,2285,GAINESVILLE
13,2370,GLENNVILLE
13,2420,GORDON
13,2460,GRAY
13,2500,GREENVILLE
13,2510,GRIFFIN
13,2520,GUYTON
13,2540,HAHIRA
13,2550,HAMILTON
13,2610,HARTWELL
13,2630,HAZLEHURST
13,2660,HELENA
13,2670,HEPHZIBAH
13,2730,HINESVILLE
13,2760,HOGANSVILLE
13,2790,HOMER
13,2800,HOMERVILLE
13,2810,HOSCHTON
13,2830,HULL
13,2890,JACKSON
13,2910,JASPER
13,2920,JEFFERSON
13,2930,JEFFERSONVILLE
13,2960,JESUP
13,2970,JONESBORO
13,2976,JULIETTE
13,2990,KENNESAW
13,3010,KINGSLAND
13,3050,LA GRANGE
13,3100,LAWRENCEVILLE
13,3120,LEESBURG
13,3130,LENOX
13,3158,LILBURN
13,3190,LINDALE
13,3208,LITHIA SPRINGS
13,3210,LITHONIA
13,3220,LOCUST GROVE
13,3230,LOGANVILLE
13,3250,LOUISVILLE
13,3290,LULA
13,3300,LUMBER CITY
13,3360,MCDONOUGH
13,3390,MACON
13,3400,MADISON
13,3440,MARIETTA
13,3510,MEIGS
13,3560,METTER
13,3590,MIDWAY
13,3620,MILLEDGEVILLE
13,3630,MILLEN
13,3640,MILNER
13,3700,MOLENA
13,3710,MONROE
13,3780,MORROW
13,3800,MOULTRIE
13,3840,MOUNT VERNON
13,3867,MUSELLA
13,3880,NAHUNTA
13,3890,NASHVILLE
13,3950,NEWNAN
13,3960,NEWTON
13,3990,NORCROSS
13,4050,NORWOOD
13,4140,ODUM
13,4230,PALMETTO
13,4235,PANTHERSVILLE
13,4250,PATTERSON
13,4277,PEACHTREE CORNERS
13,4280,PEARSON
13,4290,PELHAM
13,4300,PEMBROKE
13,4340,PERRY
13,4450,POOLER
13,4460,PORTAL
13,4490,POWDER SPRINGS
13,4520,PULASKI
13,4534,RABUN GAP
13,4580,REIDSVILLE
13,4605,RESACA
13,4617,REX
13,4655,RICHMOND HILL
13,4670,RINCON
13,4680,RINGGOLD
13,4690,RIVERDALE
13,4760,ROME
13,4790,ROSWELL
13,4800,ROYSTON
13,4830,RUTLEDGE
13,4833,RYDAL
13,4850,SAINT MARYS
13,4860,SAINT SIMONS ISLAND
13,4880,SANDERSVILLE
13,4882,SANDY SPRINGS
13,4910,SAVANNAH
13,4943,SCOTTDALE
13,4950,SCREVEN
13,4960,SENOIA
13,5042,SMARR
13,5070,SMYRNA
13,5080,SNELLVILLE
13,5100,SOPERTON
13,5130,SPRINGFIELD
13,5160,STAPLETON
13,5165,STATENVILLE
13,5170,STATESBORO
13,5180,STATHAM
13,5220,STONE MOUNTAIN
13,5260,SUMMERVILLE
13,5300,SUWANEE
13,5310,SWAINSBORO
13,5340,SYLVESTER
13,5420,TEMPLE
13,5450,THOMASTON
13,5460,THOMASVILLE
13,5490,TIFTON
13,5530,TOCCOA
13,5555,TOWNSEND
13,5560,TRENTON
13,5580,TUCKER
13,5640,UNION CITY
13,5650,UNION POINT
13,5680,VALDOSTA
13,5692,VARNELL
13,5700,VIDALIA
13,5730,VILLA RICA
13,5760,WALESKA
13,5770,WALNUT GROVE
13,5790,WARNER ROBINS
13,5805,WARTHEN
13,5830,WATKINSVILLE
13,5850,WAYCROSS
13,5860,WAYNESBORO
13,5890,WEST POINT
13,5970,WILLIAMSON
13,5980,WINDER
13,5990,WINSTON
13,6040,WOODSTOCK
13,6070,WRENS
13,6110,ZEBULON
13,9898,Not Reported
13,9997,Other
13,9999,Unknown
15,100,`AIEA
15,501,`EWA BEACH
15,600,HA`IKU
15,1000,HALE`IWA
15,1900,HILO
15,2000,HOLUALOA
15,2100,HONAUNAU
15,2400,HONOLULU
15,2500,HONOMU
15,2900,KAHULUI
15,3002,KAILUA KONA
15,3500,KANE`OHE
15,3600,KAPA`A
15,3627,KAPOLEI
15,4150,KEA`AU
15,4700,KEKAHA HAWAIIAN HOME LAND
15,4800,KIHEI
15,5100,KOLOA
15,5400,KUNIA CAMP
15,5500,KURTISTOWN
15,5900,KAILUA
15,6275,MA`ILI
15,6285,MAKAHA
15,6300,MAKAWAO
15,7700,PAHOA
15,8850,VOLCANO
15,9260,WAIKOLOA VILLAGE
15,9275,WAILUA HAWAIIAN HOME LAND
15,9600,WAIPAHU
15,9993,KAUAI ISLAND
15,9997,Other
16,0,NOT APPLICABLE
16,160,BOISE
16,200,BURLEY
16,210,CALDWELL
16,560,FRUITLAND
16,570,GARDEN CITY
16,790,IDAHO FALLS
16,920,KUNA
16,960,LEWISTON
16,1070,MERIDIAN
16,1080,MIDDLETON
16,1150,MOUNTAIN HOME
16,1200,NAMPA
16,1370,PAYETTE
16,1430,POCATELLO
16,1460,POST FALLS
16,1500,RATHDRUM
16,1590,RUPERT
16,1660,SHOSHONE
16,1700,SPENCER
16,1725,STAR
16,1760,SUGAR CITY
16,1830,TWIN FALLS
16,1840,UCON
16,1860,WALLACE
17,0,NOT APPLICABLE
17,20,ADDISON
17,120,ALORTON
17,160,ALTON
17,210,ANNA
17,230,ANTIOCH
17,280,ARLINGTON HEIGHTS
17,460,AURORA
17,510,BARRINGTON
17,512,BARRINGTON HILLS
17,560,BATAVIA
17,585,BEACH
17,670,BELLEVILLE
17,700,BELLWOOD
17,710,BELVIDERE
17,740,BENSENVILLE
17,770,BERKELEY
17,780,BERWYN
17,790,BETHALTO
17,830,BLOOMINGDALE
17,840,BLOOMINGTON
17,850,BLUE ISLAND
17,880,BLUFORD
17,887,BOLINGBROOK
17,900,BOURBONNAIS
17,940,BRADLEY
17,980,BRIDGEVIEW
17,1010,YORKVILLE
17,1030,BROADVIEW
17,1050,BROOKFIELD
17,1163,BUFFALO GROVE
17,1185,BURBANK
17,1240,CAHOKIA
17,1250,CAIRO
17,1260,CALUMET CITY
17,1330,CAPRON
17,1340,CARBON CLIFF
17,1350,CARBONDALE
17,1380,CARMI
17,1385,CAROL STREAM
17,1460,CASEYVILLE
17,1495,CENTREVILLE
17,1550,CHAMPAIGN
17,1590,CHARLESTON
17,1610,CHATSWORTH
17,1650,CHERRY VALLEY
17,1670,CHICAGO
17,1680,CHICAGO HEIGHTS
17,1690,CHICAGO RIDGE
17,1700,CHILLICOTHE
17,1730,CICERO
17,1910,COLLINSVILLE
17,2035,CREST HILL
17,2050,CRESTWOOD
17,2100,CRYSTAL LAKE
17,2110,CUBA
17,2170,DALLAS CITY
17,2220,DANVILLE
17,2225,DARIEN
17,2250,DECATUR
17,2270,DEERFIELD
17,2280,DEKALB
17,2300,DELAVAN
17,2330,DES PLAINES
17,2390,DOLTON
17,2440,DOWNERS GROVE
17,2470,DU QUOIN
17,2510,EAST ALTON
17,2550,EAST DUNDEE
17,2570,EAST HAZEL CREST
17,2580,EAST MOLINE
17,2600,EAST PEORIA
17,2610,EAST SAINT LOUIS
17,2650,EFFINGHAM
17,2690,ELGIN
17,2719,ELK GROVE VILLAGE
17,2750,ELMHURST
17,2860,EUREKA
17,2870,EVANSTON
17,2890,EVERGREEN PARK
17,2900,EWING
17,2962,FAIRVIEW HEIGHTS
17,3080,FLOSSMOOR
17,3100,FOREST PARK
17,3105,FOREST VIEW
17,3160,FRANKFORT
17,3190,FRANKLIN PARK
17,3260,GALESBURG
17,3300,GENEVA
17,3320,GEORGETOWN
17,3416,GLENDALE HEIGHTS
17,3430,GLENVIEW
17,3440,GLENWOOD
17,3450,GODFREY
17,3460,GOLCONDA
17,3475,GOLF
17,3550,GRANITE CITY
17,3580,GRAYSLAKE
17,3620,GREEN VALLEY
17,3640,GREENVILLE
17,3670,GURNEE
17,3720,HANNA CITY
17,3760,HARTFORD
17,3770,HARVARD
17,3790,HARVEY
17,3800,HARWOOD HEIGHTS
17,3820,HAZEL CREST
17,3840,HENNEPIN
17,3870,HERRIN
17,3895,HICKORY HILLS
17,3910,HIGHLAND PARK
17,3940,HILLSIDE
17,3990,HODGKINS
17,4005,HOMETOWN
17,4010,HOMEWOOD
17,4090,HUNTLEY
17,4100,HURST
17,4175,INGLESIDE
17,4190,IPAVA
17,4195,IROQUOIS
17,4220,ITASCA
17,4280,JERSEYVILLE
17,4300,JOLIET
17,4590,LA GRANGE PARK
17,4609,LAKE BARRINGTON
17,4625,LAKE IN THE HILLS
17,4630,LAKE VILLA
17,4640,LAKEWOOD
17,4680,LANSING
17,4820,LIBERTYVILLE
17,4860,LINCOLNWOOD
17,4861,LINDENHURST
17,4867,LISLE
17,4890,LIVINGSTON
17,4910,LOCKPORT
17,4920,LODA
17,4940,LOMBARD
17,4995,BROOKLYN
17,5000,LOVES PARK
17,5060,MCHENRY
17,5080,MCLEANSBORO
17,5087,MACHESNEY PARK
17,5245,MARIETTA
17,5250,MARION
17,5280,MARKHAM
17,5340,MASCOUTAH
17,5360,MASON CITY
17,5380,MATTESON
17,5390,MATTOON
17,5410,MAYWOOD
17,5450,MELROSE PARK
17,5480,MENDOTA
17,5560,MILAN
17,5660,MOKENA
17,5670,MOLINE
17,5750,MORRIS
17,5790,MORTON GROVE
17,5830,MOUNT CARMEL
17,5870,MOUNT PROSPECT
17,5900,MOUNT VERNON
17,5940,MUNDELEIN
17,5980,NAPERVILLE
17,5990,NASHVILLE
17,6160,NEWTON
17,6180,NILES
17,6230,NORMAL
17,6270,NORTH AURORA
17,6279,NORTH BARRINGTON
17,6290,NORTH CHICAGO
17,6320,NORTHFIELD
17,6330,NORTHLAKE
17,6375,OAKBROOK TERRACE
17,6380,OAK FOREST
17,6410,OAK PARK
17,6490,OHIO
17,6510,OLMSTED
17,6520,OLNEY
17,6525,OLYMPIA FIELDS
17,6580,OREGON
17,6620,OSWEGO
17,6630,OTTAWA
17,6650,PALATINE
17,6700,PANA
17,6725,PARK CITY
17,6730,PARK FOREST
17,6740,PARK RIDGE
17,6760,PAWNEE
17,6840,PEKIN
17,6850,PEORIA
17,6870,PEOTONE
17,6900,PERU
17,7000,PLAINFIELD
17,7073,PONTOON BEACH
17,7100,POSEN
17,7165,PROSPECT HEIGHTS
17,7180,QUINCY
17,7250,RED BUD
17,7320,RIVERDALE
17,7423,ROCKBRIDGE
17,7430,ROCKDALE
17,7450,ROCK FALLS
17,7460,ROCKFORD
17,7470,ROCK ISLAND
17,7482,ROCKWOOD
17,7488,ROLLING MEADOWS
17,7495,ROSCOE
17,7550,ROUND LAKE
17,7640,SAINT CHARLES
17,7763,SAUGET
17,7765,SAUK VILLAGE
17,7813,SCHAUMBURG
17,7820,SCHILLER PARK
17,7960,SHILOH
17,8030,SKOKIE
17,8080,SOUTH BELOIT
17,8090,SOUTH CHICAGO HEIGHTS
17,8120,SOUTH HOLLAND
17,8160,SOUTH PEKIN
17,8210,SPARTA
17,8220,SPRINGFIELD
17,8300,STICKNEY
17,8370,STREATOR
17,8388,SUGAR GROVE
17,8430,SWANSEA
17,8450,SYCAMORE
17,8460,TABLE GROVE
17,8520,TAYLORVILLE
17,8620,TINLEY PARK
17,8750,ULLIN
17,8763,UNIVERSITY PARK
17,8772,UTICA
17,8857,VERNON HILLS
17,8900,VILLA PARK
17,8920,VIRDEN
17,8933,WADSWORTH
17,8960,WAMAC
17,9030,WASHINGTON
17,9040,WASHINGTON PARK
17,9090,WAUCONDA
17,9100,WAUKEGAN
17,9115,WAYNE
17,9170,WESTCHESTER
17,9180,WEST CHICAGO
17,9210,WESTERN SPRINGS
17,9290,WHEATON
17,9300,WHEELING
17,9380,WILMETTE
17,9440,WINFIELD
17,9545,WOODRIDGE
17,9550,WOOD RIVER
17,9560,WOODSTOCK
17,9570,WORDEN
17,9580,WORTH
17,9630,YORKVILLE
17,9650,ZION
17,9898,Not Reported
17,9997,Other
18,0,NOT APPLICABLE
18,10,ADVANCE
18,50,ALBANY
18,140,ANDERSON
18,170,ARCADIA
18,210,ATTICA
18,220,AUBURN
18,251,AVON
18,290,BATTLE GROUND
18,300,BEDFORD
18,310,BEECH GROVE
18,380,BLOOMINGTON
18,400,BLUFFTON
18,418,BORDEN
18,560,BROWNSBURG
18,710,CARMEL
18,730,CASTLETON
18,769,CENTER
18,795,CHANDLER
18,800,CHARLESTOWN
18,820,CHESTERTON
18,840,CHURUBUSCO
18,870,CLARKSVILLE
18,980,COLUMBIA CITY
18,990,COLUMBUS
18,1000,CONNERSVILLE
18,1030,CORYDON
18,1290,DYER
18,1310,EAST CHICAGO
18,1410,ELKHART
18,1480,EVANSVILLE
18,1489,FAIRLAND
18,1540,FISHERS
18,1560,FORT BRANCH
18,1580,FORT WAYNE
18,1640,FRANKFORT
18,1670,FREDERICKSBURG
18,1730,GARY
18,1890,GREENFIELD
18,1939,GREENVILLE
18,1950,GREENWOOD
18,2010,HAMMOND
18,2040,HARTFORD CITY
18,2120,HOBART
18,2121,HOBBS
18,2190,HUNTINGTON
18,2210,INDIANAPOLIS
18,2230,INGALLS
18,2260,JASPER
18,2270,JEFFERSONVILLE
18,2400,KNIGHTSTOWN
18,2430,KOKOMO
18,2480,LAFAYETTE
18,2600,LAWRENCE
18,2610,LAWRENCEBURG
18,2630,LEBANON
18,2645,LEO-CEDARVILLE
18,2670,LIGONIER
18,2730,LOGANSPORT
18,2760,LOWELL
18,2850,MARION
18,2972,MERRILLVILLE
18,2990,MICHIGAN CITY
18,3100,MISHAWAKA
18,3110,MITCHELL
18,3150,MONROE CITY
18,3210,MONTPELIER
18,3360,MUNCIE
18,3380,NAPPANEE
18,3400,NEW ALBANY
18,3450,NEW CASTLE
18,3480,NEW HAVEN
18,3590,NOBLESVILLE
18,3650,NORTH MANCHESTER
18,3680,NORTH WEBSTER
18,3990,PLAINFIELD
18,4025,PORTAGE
18,4120,RICHMOND
18,4250,ROSSVILLE
18,4285,SAINT BERNICE
18,4340,SALEM
18,4360,SANDBORN
18,4380,SCHERERVILLE
18,4400,SCOTTSBURG
18,4440,SEYMOUR
18,4470,SHELBYVILLE
18,4580,SOUTH BEND
18,4620,SPEEDWAY
18,4817,TAYLORSVILLE
18,4840,TERRE HAUTE
18,4960,VALPARAISO
18,5030,VINCENNES
18,5060,WALKERTON
18,5110,WARSAW
18,5180,WESTFIELD
18,5190,WEST HARRISON
18,5200,WEST LAFAYETTE
18,5270,WHITELAND
18,5480,YORKTOWN
18,9898,Not Reported
19,0,NOT APPLICABLE
19,40,ADEL
19,50,AFTON
19,100,ALBIA
19,230,AMES
19,240,ANAMOSA
19,280,ANKENY
19,630,BATTLE CREEK
19,790,BETTENDORF
19,920,BONDURANT
19,1120,BURLINGTON
19,1190,CAMANCHE
19,1330,CEDAR FALLS
19,1340,CEDAR RAPIDS
19,1410,CHARITON
19,1590,CLEAR LAKE
19,1642,CLIVE
19,1900,COUNCIL BLUFFS
19,2080,DAVENPORT
19,2260,DES MOINES
19,2430,DUBUQUE
19,2800,CITY OF EVANSDALE
19,3020,FORT DODGE
19,3030,FORT MADISON
19,3550,GUTHRIE CENTER
19,3580,HAMBURG
19,3825,HIAWATHA
19,4050,IOWA CITY
19,4146,JOHNSTON
19,4250,KEOKUK
19,4380,KNOXVILLE
19,4600,LE CLAIRE
19,4680,LEON
19,5280,MARENGO
19,5290,MARION
19,5370,MASON CITY
19,5530,MERRILL
19,5570,MILFORD
19,5870,MOUNT PLEASANT
19,6020,NEW HAMPTON
19,6050,NEW LONDON
19,6120,NICHOLS
19,6240,OAKLAND
19,6310,OLDS
19,6430,OSCEOLA
19,6490,OTTUMWA
19,6510,OXFORD
19,6765,PLEASANT HILL
19,6810,PLYMOUTH
19,7100,RED OAK
19,7290,ROCK VALLEY
19,7590,SALIX
19,7670,SERGEANT BLUFF
19,7720,SHEFFIELD
19,7760,SHELL ROCK
19,7850,SIOUX CITY
19,7940,SPENCER
19,8380,TIPTON
19,8550,URBANDALE
19,8790,WATERLOO
19,8820,WAUKEE
19,8880,WEBSTER CITY
19,8980,WEST DES MOINES
20,0,NOT APPLICABLE
20,130,ALTA VISTA
20,210,ARKANSAS CITY
20,260,ATCHISON
20,520,BIRD CITY
20,590,BREWSTER
20,870,CHANUTE
20,950,CIMARRON
20,1050,COFFEYVILLE
20,1470,EASTON
20,1510,EDWARDSVILLE
20,1540,EL DORADO
20,1660,EMPORIA
20,1950,GARDEN CITY
20,1960,GARDEN PLAIN
20,2141,GRANDVIEW PLAZA
20,2490,HOISINGTON
20,2610,HUGOTON
20,2660,HUTCHINSON
20,2670,INDEPENDENCE
20,2730,IUKA
20,2790,JUNCTION CITY
20,2820,KANSAS CITY
20,2975,LANSING
20,3020,LEAVENWORTH
20,3030,LEAWOOD
20,3080,LENEXA
20,3160,LIBERAL
20,3380,MCCRACKEN
20,3490,MANHATTAN
20,3560,MARYSVILLE
20,3645,MERRIAM
20,3705,MISSION
20,3770,MORLAND
20,3860,MULLINVILLE
20,4000,NEWTON
20,4050,NORTON
20,4140,OLATHE
20,4270,OTTAWA
20,4285,OVERLAND PARK
20,4320,PAOLA
20,4342,PARK CITY
20,4460,PITTSBURG
20,4570,PRESTON
20,4900,SALINA
20,5348,TECUMSEH
20,5400,TOPEKA
20,5450,TROY
20,5600,WAKEFIELD
20,5700,WAVERLY
20,5880,WICHITA
20,9898,Not Reported
21,0,NOT APPLICABLE
21,50,ALEXANDRIA
21,102,ANCO
21,160,BARBOURVILLE
21,197,BEARVILLE
21,210,BEAVER DAM
21,240,BELFRY
21,260,BENTON
21,270,BEREA
21,285,BETSY LAYNE
21,350,BOWLING GREEN
21,360,BRANDENBURG
21,420,BUFFALO
21,421,BUECHEL
21,460,BURNSIDE
21,501,CALLAWAY
21,540,CAMPTON
21,559,CANOE
21,570,CARROLLTON
21,650,CENTRAL CITY
21,665,CHAVIES
21,700,CLAY CITY
21,740,COLUMBIA
21,770,CORBIN
21,800,COVINGTON
21,810,CRAB ORCHARD
21,813,CRESCENT SPRINGS
21,830,CROFTON
21,860,DANVILLE
21,960,EARLINGTON
21,970,EDDYVILLE
21,1000,ELIZABETHTOWN
21,1010,ELKHORN CITY
21,1050,ERLANGER
21,1070,EVARTS
21,1210,FOUNTAIN RUN
21,1220,FRANKFORT
21,1230,FRANKLIN
21,1280,GEORGETOWN
21,1334,GRAYS KNOB
21,1340,GREENSBURG
21,1350,GREENUP
21,1360,GREENVILLE
21,1374,HAGERHILL
21,1426,HAROLD
21,1510,HENDERSON
21,1572,HILLVIEW
21,1620,HOPKINSVILLE
21,1637,HUEYSVILLE
21,1680,INEZ
21,1712,ISOM
21,1720,JACKSON
21,1740,JEFFERSONTOWN
21,1750,JENKINS
21,1760,JUNCTION CITY
21,1794,KIMPER
21,1822,KONA
21,1870,LA GRANGE
21,1940,LEITCHFIELD
21,1980,LEXINGTON-FAYETTE
21,2006,LINEFORK
21,2008,LITTCARR
21,2010,LIVERMORE
21,2020,LIVINGSTON
21,2028,LOAD
21,2040,LONDON
21,2080,LOUISA
21,2090,LOUISVILLE
21,2125,LYNDON
21,2131,MC CARR
21,2150,MADISONVILLE
21,2160,MANCHESTER
21,2170,MARION
21,2180,MARTIN
21,2200,MAYFIELD
21,2210,MAYSVILLE
21,2216,MENTOR
21,2217,META
21,2220,MIDDLESBORO
21,2270,MOREHEAD
21,2320,MOUNT STERLING
21,2330,MOUNT VERNON
21,2335,MOUNT WASHINGTON
21,2339,MOUSIE
21,2340,MUNFORDVILLE
21,2350,MURRAY
21,2410,NICHOLASVILLE
21,2455,OAK GROVE
21,2490,OWENSBORO
21,2510,OWINGSVILLE
21,2520,PADUCAH
21,2540,PARIS
21,2550,PARK CITY
21,2571,PATHFORK
21,2581,PENDLETON
21,2640,PIKEVILLE
21,2650,PINEVILLE
21,2670,PRESTONSBURG
21,2690,PRINCETON
21,2724,RADCLIFF
21,2730,RAVENNA
21,2750,RICHMOND
21,2757,ROBINSON CREEK
21,2820,RUSSELLVILLE
21,2855,ST. MATTHEWS
21,2870,SALYERSVILLE
21,2885,SANDY HOOK
21,2900,SCIENCE HILL
21,2979,SHELBIANA
21,2980,SHELBYVILLE
21,2990,SHEPHERDSVILLE
21,3010,SHIVELY
21,3014,SIDNEY
21,3070,SOMERSET
21,3180,STANFORD
21,3199,STOPOVER
21,3225,SILERVILLE
21,3239,TAYLOR MILL
21,3240,TAYLORSVILLE
21,3279,TOLLESBORO
21,3308,ULYSSES
21,3311,UNION STAR
21,3320,UPTON
21,3330,VANCEBURG
21,3395,WALKER
21,3400,WALTON
21,3420,WARSAW
21,3440,WAVERLY
21,3490,WEST POINT
21,3545,WHITLEY CITY
21,3590,WILLIAMSTOWN
21,3610,WINCHESTER
22,0,NOT APPLICABLE
22,10,ABBEVILLE
22,40,ALEXANDRIA
22,70,ARCADIA
22,100,BAKER
22,140,BASTROP
22,150,BATON ROUGE
22,230,BOSSIER CITY
22,250,BREAUX BRIDGE
22,260,BROUSSARD
22,520,CROWLEY
22,560,DELTA
22,570,DENHAM SPRINGS
22,610,DONALDSONVILLE
22,640,DUBACH
22,720,EUNICE
22,750,FERRIDAY
22,780,FRANKLIN
22,790,FRANKLINTON
22,850,GOLDEN MEADOW
22,870,GONZALES
22,910,GRAND COTEAU
22,945,GREENWELL SPRINGS
22,950,GRETNA
22,980,HAMMOND
22,990,HARAHAN
22,1070,HOUMA
22,1114,JAMESTOWN
22,1120,JEANERETTE
22,1140,JENNINGS
22,1190,KENNER
22,1200,KENTWOOD
22,1210,KINDER
22,1230,LAFAYETTE
22,1250,LAKE CHARLES
22,1315,LIVINGSTON
22,1320,LOCKPORT
22,1440,MANY
22,1480,MARKSVILLE
22,1550,MINDEN
22,1560,MONROE
22,1579,MONTEGUT
22,1600,MORGAN CITY
22,1650,NATCHITOCHES
22,1680,NEW IBERIA
22,1690,NEW ORLEANS
22,1800,OPELOUSAS
22,1840,PEARL RIVER
22,1850,PINEVILLE
22,1920,PORT ALLEN
22,1990,RAYVILLE
22,2022,RICHWOOD
22,2030,RINGGOLD
22,2060,ROSEPINE
22,2070,RUSTON
22,2082,SAINT GABRIEL
22,2120,SCOTT
22,2130,SHREVEPORT
22,2180,SLIDELL
22,2189,SORRENTO
22,2208,STERLINGTON
22,2210,SULPHUR
22,2290,URANIA
22,2310,VIDALIA
22,2390,WELSH
22,2410,WEST MONROE
22,2440,WINNFIELD
22,2490,ZACHARY
22,9898,Not Reported
22,9997,Other
23,7,ALBION
23,27,ARROWSIC
23,80,AUBURN
23,160,AUGUSTA
23,250,BANGOR
23,300,BAR HARBOR
23,430,BENTON
23,450,BERWICK
23,500,BETHEL
23,550,BIDDEFORD
23,818,BOWDOIN
23,1150,BRUNSWICK
23,1180,BUCKFIELD
23,1218,BURLINGTON
23,1220,BURNHAM
23,1223,BUXTON
23,1300,CAMDEN
23,1310,CANAAN
23,1335,CANTON
23,1500,CARIBOU
23,1512,CARRABASSETT VALLEY
23,1515,CARROLL
23,1540,PORTLAND
23,1720,CLIFTON
23,1740,CLINTON
23,1806,CORINTH
23,1851,CUMBERLAND CENTER
23,2050,DEXTER
23,2210,DRESDEN
23,2450,SOUTH ELIOT
23,2500,ELLSWORTH
23,2650,FAIRFIELD
23,2700,FALMOUTH
23,2750,FARMINGTON
23,2850,FORT FAIRFIELD
23,2900,FORT KENT
23,3250,GORHAM
23,3360,GRAY
23,3440,GREENE
23,3603,HAMPDEN
23,3620,HERMON
23,3710,HOLLIS CENTER
23,3750,HOULTON
23,3800,HOWLAND
23,4100,KENNEBUNK
23,4250,KITTERY
23,4310,LAGRANGE
23,4343,LEBANON
23,4350,LEWISTON
23,4380,LIBERTY
23,4399,LIMERICK
23,4405,LIMINGTON
23,4552,PURGATORY
23,4648,LIVERMORE
23,5000,MARS HILL
23,5360,MONTVILLE
23,5455,NEW SHARON
23,5480,NORRIDGEWOCK
23,5650,NORWAY
23,5700,OAKLAND
23,5800,OLD TOWN
23,5850,ORIENT
23,5860,ORLAND
23,5900,ORONO
23,5952,OXFORD
23,5967,PALMYRA
23,5990,PARIS
23,6200,PITTSFIELD
23,6227,POLAND
23,6400,PORTLAND
23,6620,RAYMOND
23,6635,TOWN OF READFIELD
23,6800,RICHMOND
23,7000,ROCKLAND
23,7064,ROME CORNER
23,7100,RUMFORD
23,7199,SABATTUS
23,7200,SACO
23,7265,SCARBOROUGH
23,7272,SEARSMONT
23,7311,SEBEC
23,7360,SOLON
23,7850,STANDISH
23,7930,STETSON
23,7931,STEUBEN
23,8152,SWEDEN
23,8160,TEMPLE
23,8351,TRENTON
23,8817,WALES
23,8850,WALDOBORO
23,8897,WASHINGTON
23,8900,WATERVILLE
23,8905,WELLS
23,8981,WEST BATH
23,9000,WESTBROOK
23,9030,"WEST FORKS, WEST FORKS"
23,9031,"WEST FORKS, THE FORKS"
23,9058,WESTON
23,9094,WHITING
23,9100,WILTON
23,9150,WINSLOW
23,9300,WINTHROP
23,9600,WOOLWICH
23,9800,YORK
23,9997,Other
24,0,NOT APPLICABLE
24,10,ABERDEEN
24,50,BALTIMORE
24,100,BELTSVILLE
24,400,CRISFIELD
24,410,CUMBERLAND
24,430,DELMAR
24,710,GREENBELT
24,730,HAGERSTOWN
24,830,HYATTSVILLE
24,833,JESSUP
24,900,LAUREL
24,901,LAUREL ACRES
24,1155,OCEAN PINES
24,1380,SALISBURY
24,1520,SUITLAND
25,2,ABINGTON
25,10,ADAMS
25,15,SPRINGFIELD
25,20,AMESBURY
25,35,ANDOVER
25,37,ARLINGTON
25,50,ATTLEBORO
25,55,AUBURN
25,58,AVON
25,79,BARRE
25,88,BECKET
25,90,BEDFORD
25,93,BELCHERTOWN
25,94,BELLINGHAM
25,96,BERKLEY
25,99,BERNARDSTON
25,100,BEVERLY
25,105,EAST BILLERICA
25,110,BLACKSTONE
25,114,BLANDFORD
25,117,BOLTON
25,120,BOSTON
25,121,BOURNE
25,122,BOXFORD
25,125,QUINCY
25,127,BREWSTER
25,130,BRIDGEWATER
25,137,BRIMFIELD
25,140,BROCKTON
25,150,BROOKFIELD
25,153,BROOKLINE TOWN
25,157,BURLINGTON
25,170,NEWTON
25,180,CANTON
25,181,CARVER
25,186,CHARLTON CITY
25,187,CHARLEMONT
25,195,CHELMSFORD
25,200,CHELSEA
25,210,CHICOPEE
25,240,CONCORD
25,252,DOUGLAS
25,255,DANVERS
25,258,DEERFIELD
25,261,DRACUT
25,264,DUXBURY
25,272,EAST BROOKFIELD
25,320,FALL RIVER
25,330,FALMOUTH
25,370,FOXBORO
25,375,FRAMINGHAM
25,380,FRANKLIN
25,385,FREETOWN
25,390,GARDNER
25,410,GEORGETOWN
25,440,GREAT BARRINGTON
25,455,GROTON
25,458,HANCOCK
25,461,HADLEY
25,462,HALIFAX
25,465,HANSON
25,466,HATFIELD
25,472,HAMPDEN
25,480,HOLDEN CENTER
25,490,HOLLISTON
25,500,HOLYOKE
25,510,HOPEDALE
25,520,HOPKINTON
25,538,HUNTINGTON
25,540,HYANNIS
25,550,IPSWICH
25,560,KINGSTON
25,564,LAKEVILLE
25,565,LANCASTER
25,567,LANESBOROUGH
25,570,LAWRENCE
25,585,LEICESTER
25,610,LEOMINSTER
25,615,LEXINGTON
25,617,LINCOLN
25,618,LITTLETON
25,630,LOWELL
25,636,LUDLOW
25,650,LYNN
25,654,SOUTH LYNNFIELD
25,680,MARLBOROUGH
25,694,MASHPEE
25,696,MATTAPOISETT
25,710,MEDFIELD
25,720,MEDFORD
25,765,METHUEN
25,770,MIDDLEBOROUGH
25,772,MIDDLEFIELD
25,780,MILFORD
25,825,MILTON
25,840,NANTUCKET
25,847,NEEDHAM
25,850,NEW BEDFORD
25,860,NEWBURYPORT
25,864,NEW SALEM
25,880,NORTH ADAMS
25,890,NORTHAMPTON
25,892,NORTH ANDOVER CENTER
25,895,NORTH ATTLEBORO
25,897,NORTH BILLERICA
25,902,NORTHBRIDGE
25,912,NORTH DIGHTON
25,925,NORWOOD
25,926,NORWELL
25,940,OAK BLUFFS
25,973,"OTIS ANGB, BARNSTABLE"
25,999,PAXTON
25,1000,PEABODY
25,1004,PELHAM
25,1005,PEMBROKE
25,1012,PETERSHAM
25,1013,PHILLIPSTON
25,1030,PITTSFIELD
25,1034,PLAINFIELD
25,1035,PLAINVILLE
25,1040,PLYMOUTH
25,1060,QUINCY
25,1062,RAYNHAM CENTER
25,1063,RANDOLPH
25,1065,WAKEFIELD
25,1067,REHOBOTH
25,1070,REVERE
25,1095,ROYALSTON
25,1097,RUSSELL
25,1125,SAUGUS
25,1127,SAVOY
25,1130,SCITUATE
25,1140,SHARON
25,1150,"SHELBURNE FALLS, SHELB"
25,1153,SHERBORN
25,1185,SOMERSET
25,1204,SOUTHBOROUGH
25,1210,SOUTHBRIDGE
25,1219,SOUTH DARTMOUTH
25,1260,SPENCER
25,1265,SUNDERLAND
25,1269,SUTTON
25,1270,SPRINGFIELD
25,1272,STOW
25,1273,STERLING
25,1274,STOCKBRIDGE
25,1275,STONEHAM
25,1276,STOUGHTON
25,1279,SUDBURY
25,1280,TOWN OF DIGHTON
25,1283,TEMPLETON
25,1291,THORNDIKE
25,1298,TOPSFIELD
25,1320,UXBRIDGE
25,1340,WALTHAM
25,1350,WARE
25,1360,WAREHAM
25,1377,WAYLAND
25,1380,WEBSTER
25,1381,WENDELL
25,1385,WELLFLEET
25,1388,WEST BARNSTABLE
25,1400,WEST BRIDGEWATER
25,1418,WEST CHESTERFIELD
25,1430,WESTFIELD
25,1431,WESTFORD
25,1433,WESTHAMPTON
25,1439,WESTMINSTER
25,1441,HEAD OF WESTPORT
25,1444,WEST NEWBURY
25,1446,WEST SPRINGFIELD
25,1448,WESTON
25,1451,WESTWOOD
25,1465,WEYMOUTH
25,1477,WILBRAHAM
25,1490,WILMINGTON
25,1500,WINCHENDON
25,1510,WOBURN
25,1520,WORCESTER
25,1530,WRENTHAM
25,1535,YARMOUTH
26,0,NOT APPLICABLE
26,20,ADRIAN
26,89,ALLEN
26,90,ALLEN PARK
26,120,ALPENA
26,150,ANN ARBOR
26,203,AUBURN HEIGHTS
26,208,ABURN HILLS
26,271,BANGOR TOWNSHIP
26,305,BATAVIA
26,310,BATTLE CREEK
26,320,BAY CITY
26,410,BENTON HARBOR
26,430,BENZONIA
26,487,BIRCH RUN
26,530,BOYNE CITY
26,563,BREVORT
26,633,BROWNSTOWN TOWNSHIP
26,686,BURTON
26,710,CALEDONIA
26,738,CANTON TOWNSHIP
26,785,CASCADE
26,787,CASCO
26,850,CENTER LINE
26,877,CHAMPION
26,910,CHELSEA
26,919,CHESTERFIELD TOWNSHIP
26,924,CHESTERFIELD
26,926,CHINA TOWNSHIP
26,1009,CLINTON TOWNSHIP
26,1066,COLUMBUS
26,1081,COMMERCE TWP
26,1084,COMSTOCK
26,1090,CONCORD
26,1210,DEARBORN
26,1212,DEARBORN HEIGHTS
26,1260,DETROIT
26,1310,DOUGLAS
26,1390,EAST GRAND RAPIDS
26,1440,EASTPOINTE
26,1586,ERIE
26,1652,FARMINGTON HILLS
26,1690,FERNDALE
26,1720,FLAT ROCK
26,1730,FLINT
26,1731,FLINT TOWNSHIP
26,1758,FORT GRATIOT
26,1931,GENESEE
26,1940,GLADSTONE
26,2010,GRAND RAPIDS
26,2058,GREENBUSH
26,2060,GREENVILLE
26,2090,GROSSE POINTE PARK
26,2120,HAMTRAMCK
26,2130,HANCOCK
26,2165,HARPER WOODS
26,2181,HARRISON TOWNSHIP
26,2230,HAZEL PARK
26,2260,HIGHLAND PARK
26,2280,HILLSDALE
26,2290,HOLLAND
26,2333,HORTON
26,2430,INKSTER
26,2450,IRON MOUNTAIN
26,2470,IRONWOOD
26,2500,JACKSON
26,2520,KALAMAZOO
26,2544,KEELER
26,2550,KENT CITY
26,2553,KENTWOOD
26,2700,LANSING
26,2710,LAPEER
26,2820,LINCOLN PARK
26,2850,LIVONIA
26,2934,"MACOMB, TOWNSHIP"
26,2935,MADISON HEIGHTS
26,2970,MANISTIQUE
26,3240,MIDLAND
26,3390,MOUNT CLEMENS
26,3400,MOUNT MORRIS
26,3410,MOUNT PLEASANT
26,3450,MUSKEGON
26,3460,MUSKEGON HTS
26,3582,NORTHFIELD TOWNSHIP
26,3604,NORTH STAR
26,3615,NORTON SHORES
26,3628,NOVI
26,3641,OAK PARK
26,3800,OXFORD
26,3817,PALMYRA
26,3930,PETOSKEY
26,4020,PONTIAC
26,4030,PORTAGE
26,4060,PORT HURON
26,4100,POTTERVILLE
26,4154,RAY TOWNSHIP
26,4160,READING
26,4166,REDFORD TOWNSHIP
26,4200,RICHLAND
26,4251,ROCHESTER HILLS
26,4282,ROLLIN
26,4295,ROMULUS
26,4330,ROSEVILLE
26,4340,ROYAL OAK
26,4350,SAGINAW
26,4380,ST. CLAIR SHORES
26,4426,SALEM
26,4516,SENECA
26,4521,SHELBY
26,4567,SOUTHFIELD
26,4571,SOUTHGATE
26,4626,SOUTH ROCKWOOD
26,4628,SPALDING
26,4649,SPRINGFIELD
26,4720,STEPHENSON
26,4731,STERLING HEIGHTS
26,4756,STRONACH
26,4760,STURGIS
26,4815,TAYLOR
26,4849,THOMPSON
26,4880,TRAVERSE CITY
26,4905,TROY
26,5010,VASSAR
26,5089,WALKER
26,5100,WALLED LAKE
26,5110,WARREN
26,5140,WAYNE
26,5158,WELLS
26,5176,WESTLAND
26,5190,WHITE CLOUD
26,5210,WHITE LAKE
26,5255,WIXOM
26,5319,WYOMING
26,5330,YPSILANTI
26,9898,Not Reported
27,0,NOT APPLICABLE
27,90,ALBERT LEA
27,130,ALEXANDRIA
27,190,ANOKA
27,202,APPLE VALLEY
27,215,ARDEN HILLS
27,250,ASKOV
27,315,BABBITT
27,340,BAGLEY
27,460,BECKER
27,610,BIG LAKE
27,671,BLAINE
27,675,BLOOMINGTON
27,680,BLOOMING PRAIRIE
27,820,BROOKLYN CENTER
27,821,BROOKLYN PARK
27,830,BROOK PARK
27,956,BURNSVILLE
27,1080,CARLTON
27,1150,CHAMPLIN
27,1170,CHANHASSEN
27,1180,CHASKA
27,1190,CHATFIELD
27,1300,CLEARWATER
27,1370,CLOQUET
27,1420,COLERAINE
27,1492,COON RAPIDS
27,1517,COTTAGE GROVE
27,1605,DAKOTA
27,1620,DANUBE
27,1690,DEEPHAVEN
27,1810,DETROIT LAKES
27,1900,DULUTH
27,1945,EAGAN
27,1980,EAST GULL LAKE
27,1982,EAST BETHEL
27,2008,EDEN PRAIRIE
27,2110,ELK RIVER
27,2290,FAIRMONT
27,2360,FERGUS FALLS
27,2560,FRIDLEY
27,2700,GILBERT
27,2886,GREENFIELD
27,3100,HARRIS
27,3140,HAWLEY
27,3255,HERMANTOWN
27,3280,HIBBING
27,3314,HILLTOP
27,3410,HOPKINS
27,3430,HOWARD LAKE
27,3473,INDEPENDENCE
27,3490,INVER GROVE HEIGHTS
27,3850,LA CRESCENT
27,3910,LAKE ELMO
27,3990,LAKEVILLE
27,4205,LITTLE CANADA
27,4440,MAHTOMEDI
27,4495,MAPLE GROVE
27,4536,MAPLEWOOD
27,4570,MARSHALL
27,4760,MINNEAPOLIS
27,4780,MINNEOTA
27,4810,MINNETONKA MILLS
27,4860,MONTICELLO
27,4890,MOOSE LAKE
27,4970,MOUND
27,5030,NASHWAUK
27,5090,NEW BRIGHTON
27,5230,NIMROD
27,5240,NISSWA
27,5284,NORTH OAKS
27,5334,OAKDALE
27,5339,OAK PARK HTS
27,5370,OGILVIE
27,5490,OTTERTAIL
27,5500,OWATONNA
27,5590,PENNOCK
27,5670,PINE ISLAND
27,5732,PLYMOUTH
27,5770,PRIOR LAKE
27,5830,RED LAKE FALLS
27,5900,RICE
27,5910,RICHFIELD
27,5950,ROBBINSDALE
27,5960,ROCHESTER
27,5990,ROGERS
27,6060,ROSEMOUNT
27,6220,ST. BONIFACIUS
27,6230,ST. CHARLES
27,6250,ST. CLOUD
27,6280,ST. JOSEPH
27,6300,ST. LOUIS PARK
27,6330,ST. PAUL
27,6350,ST. PETER
27,6510,SHAKOPEE
27,6542,SHOREVIEW
27,6543,SHOREWOOD
27,6620,SOUTH ST PAUL
27,6675,SPRING PARK
27,6840,TACONITE
27,6880,TAYLORS FALLS
27,6910,THIEF RIVER FALLS
27,7010,TURTLE RIVER
27,7440,WAYZATA
27,7510,WEST ST PAUL
27,7560,WILDER
27,7590,WILLMAR
27,7630,WINDOM
27,7660,WINONA
27,7716,WOODBURY
27,7750,WORTHINGTON
27,7790,WYOMING
27,9997,Other
27,9999,Unknown
28,0,NOT APPLICABLE
28,10,ABERDEEN
28,100,BALDWYN
28,120,BATESVILLE
28,130,BAY ST LOUIS
28,140,BAY SPRINGS
28,230,BILOXI
28,300,BRANDON
28,370,BYHALIA
28,371,BYRAM
28,400,CANTON
28,420,CARTHAGE
28,440,CENTREVILLE
28,470,CLARKSDALE
28,480,CLEVELAND
28,490,CLINTON
28,520,COLLINS
28,530,COLUMBIA
28,540,COLUMBUS
28,560,CORINTH
28,630,CRYSTAL SPRINGS
28,680,D'IBERVILLE
28,770,ECRU
28,850,FAYETTE
28,870,FLORENCE
28,875,FLOWOOD
28,880,FOREST
28,910,FULTON
28,932,GAUTIER
28,990,GREENVILLE
28,1000,GREENWOOD
28,1010,GRENADA
28,1020,GULFPORT
28,1050,HATTIESBURG
28,1090,HERNANDO
28,1140,HOLLY SPRINGS
28,1145,HORN LAKE
28,1160,HOUSTON
28,1170,INDIANOLA
28,1220,JACKSON
28,1250,KOSCIUSKO
28,1310,LAUREL
28,1340,LELAND
28,1470,MCCOMB
28,1500,MADISON
28,1510,MAGEE
28,1580,MENDENHALL
28,1590,MERIDIAN
28,1670,MORTON
28,1680,MOSS POINT
28,1720,NATCHEZ
28,1730,NETTLETON
28,1740,NEW ALBANY
28,1810,OCEAN SPRINGS
28,1830,OLIVE BRANCH
28,1860,OXFORD
28,1900,PASCAGOULA
28,1918,PEARL
28,1940,PHILADELPHIA
28,1950,PICAYUNE
28,1985,RICHLAND
28,2000,PONTOTOC
28,2130,RIDGELAND
28,2240,SARDIS
28,2290,SENATOBIA
28,2422,SOUTHAVEN
28,2430,STARKVILLE
28,2610,TUPELO
28,2690,VICKSBURG
28,2695,TOWN OF WALLS
28,2730,WATER VALLEY
28,2750,WAYNESBORO
28,2810,WEST POINT
28,2820,WIGGINS
28,2830,WINONA
28,2870,YAZOO CITY
28,9997,Other
29,0,NOT APPLICABLE
29,335,ARNOLD
29,440,AVA
29,475,BALLWIN
29,553,BELLEFONTAINE NEIGHBOR
29,590,BEL RIDGE
29,600,BELTON
29,650,BERKELEY
29,840,BLUE SPRINGS
29,980,BRANSON
29,985,BRANSON WEST
29,1030,BRECKENRIDGE HILLS
29,1040,BRENTWOOD
29,1050,BRIDGETON
29,1220,BUTLER
29,1240,CABOOL
29,1380,CANTON
29,1390,CAPE GIRARDEAU
29,1410,CARL JUNCTION
29,1430,CARTERVILLE
29,1440,CARTHAGE
29,1550,CHARLACK
29,1575,CHESTERFIELD
29,1640,CLARKSDALE
29,1645,CLARKSON VALLEY
29,1680,CLAYCOMO
29,1720,CLEVER
29,1790,COLLINS
29,1800,COLUMBIA
29,2040,CUBA
29,2050,CURRYVILLE
29,2210,DES PERES
29,2300,DOOLITTLE
29,2430,ELDON
29,2460,ELLISVILLE
29,2520,ELSBERRY
29,2575,EUREKA
29,2600,EXCELSIOR SPRINGS
29,2624,FAIR GROVE
29,2700,FERGUSON
29,2730,FILLMORE
29,2780,FLORISSANT
29,2845,FORSYTH
29,3040,GERALD
29,3114,GLADSTONE
29,3140,GLENDALE
29,3240,GRAIN VALLEY
29,3250,GRANBY
29,3280,GRANDVIEW
29,3382,KANSAS CITY
29,3470,HANNIBAL
29,3580,HAZELWOOD
29,3660,HIGGINSVILLE
29,3680,HIGHLANDVILLE
29,3880,HUNTLEIGH
29,3940,INDEPENDENCE
29,4024,JANE
29,4040,JEFFERSON CITY
29,4060,JENNINGS
29,4100,JOPLIN
29,4110,KAHOKA
29,4120,KANSAS CITY
29,4175,KIMBERLING CITY
29,4240,KIRKWOOD
29,4326,LAKE LOTAWANA
29,4327,LAKE OZARK
29,4328,LAKE SAINT LOUIS
29,4445,LAURIE
29,4460,LEADWOOD
29,4480,LEBANON
29,4490,LEES SUMMIT
29,4570,LIBERTY
29,4630,LINN CREEK
29,4887,MANCHESTER
29,4900,MAPLEWOOD
29,4940,MARIONVILLE
29,4980,MARSHFIELD
29,5035,MARYLAND HEIGHTS
29,5170,MEXICO
29,5300,MOLINE ACRES
29,5490,MOUNTAIN VIEW
29,5580,NEOSHO
29,5590,NEVADA
29,5760,NORMANDY
29,5770,NORTH KANSAS CITY
29,5780,NORTHWOODS
29,5870,ODESSA
29,5880,O Fallon
29,5890,OLD MONROE
29,5910,OLIVETTE
29,5956,OSAGE BEACH
29,6000,OVERLAND
29,6020,OZARK
29,6056,PARK HILLS
29,6080,PARKVILLE
29,6220,PEVELY
29,6360,PLEASANT HILL
29,6375,PLEASANT VALLEY
29,6410,POPLAR BLUFF
29,6440,POTOSI
29,6540,PURDY
29,6639,RAYTOWN
29,6670,REEDS SPRING
29,6710,REPUBLIC
29,6730,RHINELAND
29,6780,RICHMOND HTS
29,6821,RIVERSIDE
29,6822,RIVER VIEW
29,7010,ST. CHARLES
29,7020,ST. CLAIR
29,7050,ST. JAMES
29,7070,ST. JOSEPH
29,7080,ST. LOUIS
29,7100,ST. PETERS
29,7210,SEDALIA
29,7240,SENECA
29,7250,SEYMOUR
29,7260,SHELBINA
29,7296,SHOAL CREEK DRIVE
29,7310,SIKESTON
29,7460,SPRINGFIELD
29,7620,SUGAR CREEK
29,7630,SULLIVAN
29,7665,SUNSET HILLS
29,7720,THAYER
29,7850,TWIN OAKS
29,8000,VERONA
29,8105,WARDSVILLE
29,8110,WARRENSBURG
29,8120,WARRENTON
29,8190,WAYNESVILLE
29,8235,WELDON SPRING
29,8250,WELLSTON
29,8286,WEST ALTON
29,8330,WEST PLAINS
29,9997,Other
30,0,NOT APPLICABLE
30,60,BELGRADE
30,100,BILLINGS
30,130,BOZEMAN
30,170,BROWNING
30,180,BUTTE
30,260,COLUMBIA FALLS
30,530,GREAT FALLS
30,540,HAMILTON
30,590,HELENA
30,680,KALISPELL
30,830,MISSOULA
30,950,POLSON
30,966,RAVALLI
31,0,NOT APPLICABLE
31,40,ALBION
31,460,BELLEVUE
31,720,BROKEN BOW
31,1260,CROFTON
31,1420,DENTON
31,1900,FREMONT
31,1990,GERING
31,2090,GRAND ISLAND
31,2280,HASTINGS
31,2430,HOLDREGE
31,2594,INGLEWOOD
31,2810,LEXINGTON
31,2830,LINCOLN
31,3005,MACY
31,3140,MEADOW GROVE
31,3360,NEBRASKA CITY
31,3480,NORFOLK
31,3520,NORTH PLATTE
31,3620,OMAHA
31,3970,PONCA
31,4340,SCOTTSBLUFF
31,4380,SHELBY
31,4520,SPRINGFIELD
31,4970,VALLEY
31,5050,WAHOO
31,5080,WALTHILL
32,0,NOT APPLICABLE
32,21,BOULDER CITY
32,50,CARSON CITY
32,91,FERNLEY
32,110,HENDERSON
32,120,LAS VEGAS
32,141,MESQUITE
32,150,NORTH LAS VEGAS
32,170,RENO
32,190,SPARKS
32,222,WEST WENDOVER
32,230,WINNEMUCCA
33,1,ALBANY
33,3,ALTON
33,17,BELMONT
33,18,BEDFORD
33,23,BOW
33,29,BARRINGTON
33,32,CANDIA
33,33,CAMPTON
33,40,CHARLESTOWN
33,49,CHICHESTER
33,70,CONCORD
33,80,CONWAY
33,85,DERRY VILLAGE
33,90,DOVER
33,93,DORCHESTER
33,95,DUBLIN
33,119,EATON CENTER
33,123,EPPING
33,124,EPSOM
33,130,EXETER
33,140,FARMINGTON
33,143,FRANCESTOWN
33,154,GILFORD
33,157,GILMANTON
33,161,GILSUM
33,180,GREENVILLE
33,200,HAMPTON
33,201,HAMPTON FALLS
33,215,HAVERHILL
33,219,HILL
33,240,HUDSON
33,245,JAFFREY CENTER
33,250,KEENE
33,260,LACONIA
33,304,LOUDON
33,305,LONDONDERRY
33,307,LYNDEBOROUGH
33,310,MANCHESTER
33,330,MEREDITH
33,334,MERRIMACK
33,340,MILFORD
33,342,MILTON
33,350,NASHUA
33,352,NEW HAMPTON
33,353,NEW BOSTON
33,357,NEW IPSWICH
33,360,NEW LONDON
33,390,NORTHFIELD
33,392,NORTHWOOD
33,395,OSSIPEE
33,399,PEMBROKE
33,401,PELHAM
33,420,PLYMOUTH
33,430,PORTSMOUTH
33,438,RICHMOND
33,440,ROCHESTER
33,448,SALEM
33,464,SANDWICH
33,466,SEABROOK
33,475,SOUTH HAMPTON
33,484,SUTTON
33,487,TAMWORTH
33,490,TILTON
33,499,TUFTONBORO
33,500,TROY
33,502,WALPOLE
33,510,WAKEFIELD
33,511,WEST CHESTERFIELD
33,530,WHITEFIELD
33,550,WINCHESTER
33,551,WINDHAM
33,560,WOLFEBORO
33,565,WOODSTOCK
33,9997,Other
34,0,NOT APPLICABLE
34,8,ABERDEEN
34,10,ABSECON
34,70,ANDOVER
34,80,ASBURY PARK
34,90,ATLANTIC CITY
34,145,BARNEGAT
34,190,BAYONNE
34,230,BELLEVILLE
34,240,BELLMAWR
34,275,BERKELEY HGTS
34,320,BLOOMFIELD
34,370,BORDENTOWN
34,399,BRANCHBURG
34,416,BRICK TOWN
34,425,BRIDGEWATER
34,470,BUENA
34,481,BURLINGTON TOWNSHIP
34,490,BUTLER
34,520,CAMDEN
34,567,CARNEYS POINT
34,570,CARTERET
34,598,CHERRY HILL
34,630,CLEMENTON
34,660,CLIFTON
34,670,CLINTON
34,690,COLLINGSWOOD
34,704,CRANBURY
34,742,DENNISVILLE
34,745,DENVILLE
34,747,DEPTFORD
34,750,DOVER
34,760,DUMONT
34,779,EAST BRUNSWICK
34,800,EAST ORANGE
34,820,EAST RUTHERFORD
34,825,EAST WINDSOR
34,840,EDGEWATER
34,844,EDISON
34,850,EGG HARBOR CITY
34,851,EGG HARBOR TOWNSHIP
34,860,ELIZABETH
34,880,EMERSON
34,883,ELMWOOD PARK
34,890,ENGLEWOOD
34,900,ENGLEWOOD CLIFFS
34,910,ENGLISHTOWN
34,938,FAIRFIELD
34,950,FAIR LAWN
34,960,FAIRVIEW
34,990,FAR HILLS
34,1030,FLORHAM PARK
34,1060,FORT LEE
34,1070,FRANKLIN
34,1075,FRANKLIN
34,1090,FREEHOLD
34,1105,GALLOWAY TOWNSHIP
34,1160,GLEN GARDNER
34,1190,GLOUCESTER CITY
34,1210,HACKENSACK
34,1220,HACKETTSTOWN
34,1227,HADDON TOWNSHIP
34,1264,HAMILTON
34,1265,HAMILTON TOWNSHIP
34,1270,HAMMONTON
34,1290,HAINESPORT
34,1310,HARRISON
34,1330,BLOOMINGDALE
34,1350,HAWTHORNE
34,1352,HAZLET TOWNSHIP
34,1370,HIGH BRIDGE
34,1390,HIGHLANDS
34,1417,HILLSBOROUGH
34,1445,HOLMDEL
34,1455,HOPE
34,1465,HOWELL
34,1480,TOWNSHIP OF IRVINGTON
34,1500,ISLAND HEIGHTS
34,1520,JERSEY CITY
34,1530,KEANSBURG
34,1540,KEARNY
34,1572,KNOWLTON
34,1590,LAKEWOOD
34,1630,LAVALLETTE
34,1640,LAWNSIDE
34,1650,LAWRENCEVILLE
34,1660,LEBANON
34,1680,LEONIA
34,1695,LINCROFT
34,1700,LINDEN
34,1710,LINDENWOLD
34,1745,LIVINGSTON
34,1749,LOCH ARBOUR
34,1750,LODI
34,1751,LOGAN
34,1774,LUMBERTON
34,1775,LYNDHURST
34,1790,MAGNOLIA
34,1798,MANALAPAN
34,1801,MANCHESTER TOWNSHIP
34,1814,MANTUA
34,1820,MANVILLE
34,1824,MAPLE SHADE
34,1825,MAPLEWOOD
34,1845,MAURICETOWN
34,1860,MAYWOOD
34,1870,MEDFORD LAKES
34,1880,MEDFORD
34,1910,METUCHEN
34,1920,NEW BRUNSWICK
34,1925,MIDDLETOWN
34,1930,MIDLAND PARK
34,1970,MILLVILLE
34,1986,MONROE TOWNSHIP
34,1993,MONTAGUE
34,2020,MORRIS PLAINS
34,2081,MT LAUREL
34,2109,NEPTUNE CITY
34,2130,NEWARK
34,2140,NEW BRUNSWICK
34,2170,NEW MILFORD
34,2190,NEWTON
34,2208,NORTH BRUNSWICK
34,2250,NORTH PLAINFIELD
34,2320,NUTLEY
34,2330,OAKLAND
34,2360,OCEAN
34,2374,OCEAN TOWNSHIP
34,2417,OLD BRIDGE
34,2440,ORANGE
34,2460,PALISADES PARK
34,2480,PARAMUS
34,2498,PARSIPPANY
34,2500,PASSAIC
34,2510,PATERSON
34,2540,PEMBERTON
34,2545,PENNSAUKEN
34,2567,PEQUANNOCK
34,2570,PERTH AMBOY
34,2580,PHILLIPSBURG
34,2582,PISCATAWAY
34,2586,PILESGROVE
34,2600,PINE HILL
34,2630,PLAINFIELD
34,2640,PLEASANTVILLE
34,2650,POINT PLEASANT
34,2670,POMPTON LAKES
34,2700,PORT REPUBLIC
34,2725,QUINTON
34,2740,RAMSEY
34,2745,RANDOLPH
34,2750,SOMERVILLE
34,2760,RED BANK
34,2770,RIDGEFIELD
34,2800,RINGWOOD
34,2810,RIVERDALE
34,2842,RIVER VALE
34,2845,ROBBINSVILLE
34,2850,ROCKAWAY
34,2880,ROOSEVELT
34,2900,ROSELLE
34,2942,SADDLE BROOK
34,2970,SAYREVILLE
34,3047,SHAMONG TOWNSHIP
34,3070,SHREWSBURY
34,3080,SOMERDALE
34,3090,SOMERS POINT
34,3110,SOUTH AMBOY
34,3144,SOUTH BRUNSWICK
34,3149,SOUTHAMPTON
34,3160,SOUTH PLAINFIELD
34,3180,SOUTH TOMS RIVER
34,3207,SPRINGFIELD
34,3325,TABERNACLE
34,3335,TEANECK
34,3340,TENAFLY
34,3357,TINTON FALLS
34,3360,TOMS RIVER
34,3370,TOTOWA
34,3380,TRENTON
34,3390,TUCKERTON
34,3395,UNION
34,3410,UNION CITY
34,3440,VENTNOR CITY
34,3448,VERNON
34,3460,VINELAND
34,3465,VOORHEES
34,3475,WALL TOWNSHIP
34,3501,WANTAGE TOWNSHIP
34,3504,WARREN
34,3521,WATERFORD WORKS
34,3522,WAYNE
34,3526,WEEHAWKEN
34,3569,WEST DEPTFORD
34,3570,WEST HAMPTON
34,3580,WEST LONG BRANCH
34,3590,WEST NEW YORK
34,3600,WEST ORANGE
34,3633,WEST WINDSOR
34,3670,WILDWOOD
34,3691,WILLINGBORO
34,3694,WINSLOW
34,3705,WOODBRIDGE
34,3710,WOODBURY
34,3742,WOOD-LYNNE
34,9997,Other
35,0,NOT APPLICABLE
35,3,ABIQUIU
35,4,ACOMA
35,20,ALAMOGORDO
35,29,ALGODONES
35,30,ALBUQUERQUE
35,31,ALCALDE
35,50,ARTESIA
35,100,BELEN
35,108,BERINO
35,110,BERNALILLO
35,115,BLOOMFIELD
35,130,CARLSBAD
35,140,CARRIZOZO
35,190,CLOVIS
35,211,COSTILLA
35,215,CROWNPOINT
35,250,DEXTER
35,268,EL PRADO
35,272,EMBUDO
35,280,ESPANOLA
35,300,EUNICE
35,303,FAIRACRES
35,310,FARMINGTON
35,340,GALLUP
35,400,HATCH
35,410,HOBBS
35,435,ISLETA
35,440,JAL
35,456,KIRTLAND
35,457,LAGUNA
35,465,LA MESA
35,470,LAS CRUCES
35,480,LAS VEGAS
35,500,LORDSBURG
35,510,LOS ALAMOS
35,530,LOS LUNAS
35,596,MESQUITE
35,605,MORIARTY
35,625,OROGRANDE
35,632,PLACITAS
35,640,PORTALES
35,646,RAMAH
35,650,RANCHOS DE TAOS
35,660,RATON
35,662,RESERVE
35,670,ROSWELL
35,677,RIO RANCHO
35,689,SAN CRISTOBAL
35,691,RUIDOSO DOWNS
35,700,SAN JON
35,710,SANTA FE
35,711,SAN FELIPE
35,730,SANTA ROSA
35,740,SANTO DOMINGO PUEBLO
35,750,SILVER CITY
35,760,SOCORRO
35,775,SUNLAND PARK
35,780,TAOS
35,790,TATUM
35,806,TIJERAS
35,820,TUCUMCARI
35,830,TULAROSA
35,845,VELARDE
35,9997,Other
36,5,ACCORD
36,50,ALBANY
36,110,ALLEGANY
36,117,ALMA
36,140,ALTMAR
36,147,AMENIA
36,156,AMHERST
36,170,AMSTERDAM
36,180,ANDES
36,190,ANDOVER
36,260,ARKPORT
36,275,ARMONK
36,283,ASHVILLE
36,287,ASTORIA
36,310,AUBURN
36,334,AVA
36,360,BABYLON
36,380,BALDWINSVILLE
36,395,BANGOR
36,400,BARKER
36,401,BARRE
36,406,BARTON
36,410,BATAVIA
36,450,BAY SHORE
36,472,BEDFORD
36,475,BEEKMANTOWN
36,532,BETHEL
36,540,BINGHAMTON
36,566,HOLCOMB
36,570,BLOOMINGBURG
36,581,BLOOMING GROVE
36,590,BLUE POINT
36,613,BRANT
36,614,BRANCHPORT
36,620,BRENTWOOD
36,630,BREWSTER
36,650,BRIDGEWATER
36,652,BRIGHTON
36,670,BROADALBIN
36,680,BROCKPORT
36,703,BROOKFIELD
36,705,BROOKHAVEN
36,710,BROOKVILLE
36,720,BROWNVILLE
36,725,BRUNSWICK
36,740,BUCHANAN
36,750,BUFFALO
36,775,CAIRO
36,783,CALLICOON
36,810,CAMILLUS
36,813,CAMPBELL
36,814,CAMPBELL HALL
36,818,CANAAN
36,830,CANANDAIGUA
36,850,CANASTOTA
36,880,CANTON
36,890,CAPE VINCENT
36,900,CARMEL
36,940,CASTLETON ON HUDSON
36,960,CATO
36,970,CATSKILL
36,990,CAYUGA
36,1083,CHAPPAQUA
36,1087,CHARLTON
36,1113,CHEMUNG
36,1117,CHEEKTOWAGA
36,1140,CHESTER
36,1160,CHURCHVILLE
36,1166,CICERO
36,1169,CIRCLEVILLE
36,1170,CLARENCE
36,1174,CLARKSON
36,1176,CLARENDON
36,1179,CLAY
36,1182,CLAYTON
36,1209,CLIFTON PARK
36,1221,CLINTON CORNERS
36,1232,CLYMER
36,1240,COBLESKILL
36,1242,COCHECTON
36,1250,COHOCTON
36,1271,COLD BROOK
36,1275,COLDEN
36,1286,COLLINS
36,1290,COLONIE
36,1294,COLUMBIAVILLE
36,1369,CORNWALL ON HUDSON
36,1379,CORTLANDT
36,1380,CORTLAND
36,1430,CUBA
36,1437,DANBY
36,1450,DANSVILLE
36,1454,DAVENPORT
36,1464,DEKALB
36,1495,DELMAR
36,1500,DEPEW
36,1539,DE WITT
36,1560,DOLGEVILLE
36,1565,DOVER PLAINS
36,1590,DRYDEN
36,1645,EAST FARMINGDALE
36,1698,EAST OTTO
36,1705,EAST PHARSALIA
36,1750,EAST SYRACUSE
36,1762,EATON
36,1800,ELBRIDGE
36,1830,ELLICOTTVILLE
36,1844,ELMA
36,1850,ELMIRA
36,1861,ELMONT
36,1870,ELMSFORD
36,1899,EVANS
36,1900,EVANS MILLS
36,1910,FABIUS
36,1930,FAIRPORT
36,1950,FALCONER
36,1954,FALLSBURG
36,1959,FARMERSVILLE CENTER
36,1960,FARMINGDALE
36,1961,FARMINGTON
36,1976,FAYETTE
36,2000,FISHKILL
36,2030,FLORIDA
36,2043,FLOYD
36,2070,FORT ANN
36,2120,FRANKFORT
36,2130,FRANKLIN
36,2140,FRANKLINVILLE
36,2150,FREDONIA
36,2160,FREEPORT
36,2190,FRIENDSHIP
36,2200,FULTON
36,2220,GAINESVILLE
36,2240,GARDEN CITY
36,2242,GARDINER
36,2248,GATES
36,2260,GENEVA
36,2262,GEORGETOWN
36,2280,GLEN COVE
36,2300,GLENS FALLS
36,2319,GORHAM
36,2320,GOSHEN
36,2330,GOUVERNEUR
36,2360,GRANVILLE
36,2370,GREAT NECK
36,2395,GREECE
36,2400,GREENE
36,2403,GREENFIELD
36,2410,GREEN ISLAND
36,2460,GROTON
36,2464,GUILDERLAND
36,2469,HADLEY
36,2484,HALFMOON
36,2485,HAMBURG
36,2542,HARPERSFIELD
36,2550,HARRIMAN
36,2555,HARRISON
36,2566,HARTSDALE
36,2580,HAVERSTRAW
36,2600,HEMPSTEAD
36,2606,HENRIETTA
36,2610,HERKIMER
36,2620,HERMON
36,2649,HEWLETT
36,2690,HIGHLAND FALLS
36,2695,HIGHLAND MILLS
36,2710,HILTON
36,2739,HOLLAND
36,2760,HOMER
36,2785,HOPEWELL JUNCTION
36,2800,HORSEHEADS
36,2830,HUNTER
36,2840,HUNTINGTON
36,2870,HYDE PARK
36,2915,ISLANDIA
36,2920,ISLIP
36,2968,JOHNSBURG
36,2974,JOHNSONVILLE
36,2980,JOHNSTOWN
36,3000,KEESEVILLE
36,3015,KENNEDY
36,3030,KINDERHOOK
36,3060,KINGSTON
36,3084,LAGRANGEVILLE
36,3093,LAKE CLEAR
36,3100,LAKE GEORGE
36,3110,LAKE PLACID
36,3120,LAKE SUCCESS
36,3140,LANCASTER
36,3201,LENOX
36,3210,LE ROY
36,3218,LEWIS
36,3220,LEWISTON
36,3230,LIBERTY
36,3310,LIVERPOOL
36,3320,LIVONIA
36,3340,LOCKPORT
36,3360,LONG BEACH
36,3368,LOUISVILLE
36,3370,LOWVILLE
36,3380,LYNBROOK
36,3410,LYONS
36,3430,MACEDON
36,3437,MC DONOUGH
36,3453,MAINE
36,3460,MALONE
36,3480,MAMARONECK
36,3500,MANLIUS
36,3525,MAPLE SPRINGS
36,3530,MARATHON
36,3540,MARCELLUS
36,3560,MARLBORO
36,3567,MARTINSBURG
36,3630,MAYFIELD
36,3654,MEDFORD
36,3660,MEDINA
36,3685,MERIDALE
36,3710,MIDDLEBURG
36,3740,MIDDLEVILLE
36,3760,MILLBROOK
36,3830,MONROE
36,3832,MORIAH
36,3833,MONSEY
36,3839,MONTEZUMA
36,3850,MONTICELLO
36,3880,MORAVIA
36,3890,MORRIS
36,3940,MOUNT VERNON
36,3995,NARROWSBURG
36,4000,NASSAU
36,4030,NEWARK
36,4040,NEWARK VALLEY
36,4045,NEW BALTIMORE
36,4060,NEWBURGH
36,4063,NEW CITY
36,4080,NEW HARTFORD
36,4090,NEW HYDE PARK
36,4100,NEW PALTZ
36,4110,NEWPORT
36,4120,NEW ROCHELLE
36,4121,NEW SQUARE
36,4122,NEW SCOTLAND
36,4130,NEW WINDSOR
36,4170,NEW YORK CITY
36,4209,NIAGRA
36,4210,NIAGARA FALLS
36,4220,NICHOLS
36,4225,NISKAYUNA
36,4240,NORFOLK
36,4245,NORTH CHILI
36,4281,NORTH HUDSON
36,4330,NORTH TONAWANDA
36,4340,NORTHVILLE
36,4341,NORTH WESTERN
36,4350,NORWICH
36,4380,NYACK
36,4385,OAKDALE
36,4420,OGDENSBURG
36,4430,OLD BROOKVILLE
36,4461,OLIVEBRIDGE
36,4490,ONEONTA
36,4491,ONONDAGA
36,4492,ONTARIO
36,4550,OTEGO
36,4580,OWEGO
36,4590,OXFORD
36,4600,OYSTER BAY
36,4610,OYSTER BAY COVE
36,4615,OZONE PARK
36,4640,PALMYRA
36,4661,PARISHVILLE
36,4670,PATCHOGUE
36,4682,PATTERSON
36,4720,PELHAM MANOR
36,4729,PENDLETON
36,4730,PENFIELD
36,4740,PENN YAN
36,4766,PERTH
36,4767,PERU
36,4800,PHOENIX
36,4805,PIERCEFIELD
36,4828,PINE BUSH
36,4835,PINE PLAINS
36,4840,PITTSFORD
36,4875,PLATTEKILL
36,4880,PLATTSBURGH
36,4885,PLEASANT VALLEY
36,4905,POND EDDY
36,4920,PORT BYRON
36,4935,PORT CRANE
36,4980,PORT JERVIS
36,4987,PORTLAND
36,5000,PORTVILLE
36,5020,POTSDAM
36,5025,POTTERSVILLE
36,5030,POUGHKEEPSIE
36,5047,PREBLE
36,5066,PUTNAM VALLEY
36,5068,QUEENSBURY
36,5077,RAMAPO
36,5105,REDFIELD
36,5110,RED HOOK
36,5130,RENSSELAER
36,5170,RICHFIELD SPGS
36,5174,RICHLAND
36,5210,RIVERHEAD
36,5230,ROCHESTER
36,5250,ROCKVILLE CENTRE
36,5257,RODMAN
36,5270,RONKONKOMA
36,5315,ROTTERDAM
36,5351,RYE BROOK
36,5453,SANGERFIELD
36,5470,SARATOGA SPGS
36,5475,SARDINIA
36,5480,SAUGERTIES
36,5530,SCARSDALE
36,5540,SCHAGHTICOKE
36,5550,SCHENECTADY
36,5575,SCHROON LAKE
36,5581,SCHUYLER FALLS
36,5622,SELKIRK
36,5639,SHANDAKEN
36,5650,SHERBURNE
36,5676,SHOKAN
36,5700,SIDNEY
36,5710,SILVER CREEK
36,5740,SKANEATELES
36,5742,SLATE HILL
36,5745,SLINGERLANDS
36,5769,SMITHTOWN
36,5802,SOMERS
36,5810,SOUTHAMPTON
36,5870,SOUTHOLD
36,5898,SPARROW BUSH
36,5920,SPENCERPORT
36,5930,SPRING VALLEY
36,5940,SPRINGVILLE
36,5943,Staten Island
36,5947,STAFFORD
36,5952,STARKEY
36,5976,STOCK BRIDGE
36,5980,STONY POINT
36,5991,STOW
36,6004,SULLIVAN
36,6010,SYRACUSE
36,6021,TABERG
36,6040,TARRYTOWN
36,6090,TONAWANDA
36,6110,TROY
36,6160,TURIN
36,6163,TUXEDO PARK
36,6210,UPPER NYACK
36,6220,UTICA
36,6275,VERONA
36,6277,VESTAL
36,6280,VICTOR
36,6290,VICTORY
36,6319,VOLNEY
36,6360,WALTON
36,6365,WALWORTH
36,6375,WANTAGH
36,6379,WAPPINSER
36,6380,WAPPINGERS FALLS
36,6430,WATERFORD
36,6440,WATERLOO
36,6480,WATKINS GLEN
36,6500,WAYLAND
36,6510,WEBSTER
36,6520,WEEDSPORT
36,6564,WEST CLARKSVILLE
36,6586,WESTERNVILLE
36,6590,WESTFIELD
36,6626,WESTMORELAND
36,6628,WEST MONROE
36,6630,WESTPORT
36,6642,WEST SENECA
36,6660,WHITEHALL
36,6670,WHITE PLAINS
36,6680,WHITESBORO
36,6690,WHITNEY POINT
36,6730,WILSON
36,6731,WILTON
36,6732,WINDHAM
36,6740,WINDSOR
36,6745,WINGDALE
36,6747,WINTHROP
36,6767,WOODHAVEN
36,6775,WOODMERE
36,6800,WURTSBORO
36,6807,WYNANTSKILL
36,6820,YONKERS
36,6825,YORKTOWN HGTS
36,9997,Other
37,0,NOT APPLICABLE
37,10,ABERDEEN
37,60,ALBEMARLE
37,90,ANGIER
37,130,ARCHDALE
37,160,ASHEBORO
37,170,ASHEVILLE
37,240,AYDEN
37,390,BELMONT
37,490,BLACK MOUNTAIN
37,700,BURLINGTON
37,753,CAPE CARTERET
37,780,CARRBORO
37,790,CARTHAGE
37,800,CARY
37,860,CHAPEL HILL
37,870,CHARLOTTE
37,930,CLAYTON
37,937,CLEMMONS
37,1035,COMO
37,1040,CONCORD
37,1060,CONOVER
37,1080,CORNELIUS
37,1110,CRAMERTON
37,1120,CREEDMOOR
37,1360,DURHAM
37,1460,ELIZABETH CITY
37,1600,FAIR BLUFF
37,1670,FAYETTEVILLE
37,1673,FLAT ROCK
37,1680,FOREST CITY
37,1690,FOUNTAIN
37,1710,FRANKLIN
37,1752,FUQUAY-VARINA
37,1770,GARNER
37,1800,GASTONIA
37,1880,GOLDSBORO
37,1900,GRAHAM
37,1940,GREENSBORO
37,1950,GREENVILLE
37,2020,HAMLET
37,2078,HAVELOCK
37,2120,HENDERSON
37,2130,HENDERSONVILLE
37,2150,HICKORY
37,2170,HIGH POINT
37,2173,HIGHSHOALS
37,2190,HILLSBOROUGH
37,2230,HOLLY SPRINGS
37,2270,HUDSON
37,2280,HUNTERSVILLE
37,2285,ICARD
37,2290,INDIAN TRAIL
37,2310,JACKSON
37,2330,JACKSONVILLE
37,2340,JAMESTOWN
37,2390,KANNAPOLIS
37,2430,KERNERSVILLE
37,2435,KILL DEVIL HILLS
37,2440,KINGS MOUNTAIN
37,2450,KINSTON
37,2461,KITTY HAWK
37,2470,KNIGHTDALE
37,2560,LAURINBURG
37,2570,LAWNDALE
37,2584,LELAND
37,2590,LENOIR
37,2620,LEXINGTON
37,2640,LILESVILLE
37,2690,LOCUST
37,2740,LOWELL
37,2770,LUMBERTON
37,2830,MADISON
37,2850,MAIDEN
37,2940,MATTHEWS
37,3035,MIDLAND
37,3082,MINT HILL
37,3100,MONROE
37,3110,MOORESVILLE
37,3120,MOREHEAD CITY
37,3130,MORGANTON
37,3170,MOUNT AIRY
37,3190,MOUNT HOLLY
37,3235,NAGS HEAD
37,3250,NEW BERN
37,3290,NEWPORT
37,3370,NORTH WILKESBORO
37,3540,PEACHLAND
37,3600,PINEHURST
37,3660,PITTSBORO
37,3720,PRINCEVILLE
37,3750,RALEIGH
37,3790,RED SPRINGS
37,3855,RIEGELWOOD
37,3860,ROANOKE RAPIDS
37,3910,ROCKINGHAM
37,3930,ROCKY MOUNT
37,4010,ROXBORO
37,4040,RUTHERFORDTON
37,4070,SALISBURY
37,4090,SANFORD
37,4140,SELMA
37,4160,SHALLOTTE
37,4230,SMITHFIELD
37,4270,SOUTHERN PINES
37,4374,SPRING LAKE
37,4400,STANLEY
37,4420,STAR
37,4430,STATESVILLE
37,4464,STOKESDALE
37,4500,STOVALL
37,4550,TABOR CITY
37,4590,THOMASVILLE
37,4640,TRINITY
37,4650,TROUTMAN
37,4690,UNIONVILLE
37,4770,WADESBORO
37,4790,WAKE FOREST
37,4797,WALKERTOWN
37,4803,WALLBURG
37,4860,WASHINGTON
37,4900,WAYNESVILLE
37,4922,WEDDINGTON
37,5020,WHITEVILLE
37,5032,WHITSETT
37,5040,WILKESBORO
37,5050,WILLIAMSTON
37,5060,WILMINGTON
37,5070,WILSON
37,5080,WILSONS MILLS
37,5120,WINSTON SALEM
37,5130,WINTERVILLE
37,9997,Other
37,9999,Unknown
38,0,NOT APPLICABLE
38,265,BELCOURT
38,370,BISMARCK
38,1020,FARGO
38,1520,HETTINGER
38,1635,KEENE
38,1880,LISBON
38,1990,MANDAN
38,2345,NEW TOWN
38,3350,WILLISTON
38,9997,Other
39,0,NOT APPLICABLE
39,70,AKRON
39,110,ALLIANCE
39,140,AMBERLEY
39,380,AURORA
39,400,AVON
39,410,AVON LAKE
39,460,BARBERTON
39,530,BEACHWOOD
39,558,BEAVER CREEK
39,570,BEDFORD
39,572,BEDFORD HEIGHTS
39,590,BELLBROOK
39,750,BETHEL
39,850,BLOOMVILLE
39,855,BLUE ASH
39,880,BOSTON HEIGHTS
39,960,BRATENAHL
39,1000,BRIDGEPORT
39,1030,BROOKLYN
39,1050,BROOK PARK
39,1200,BYESVILLE
39,1300,CANAL WINCHESTER
39,1320,CANTON
39,1410,CECIL
39,1450,CENTERVILLE
39,1610,CINCINNATI
39,1670,CLAYTON
39,1680,CLEVELAND
39,1700,CLEVES
39,1800,COLUMBUS
39,1920,COSHOCTON
39,2030,CUYAHOGA FALLS
39,2090,DAYTON
39,2130,DEFIANCE
39,2150,DELAWARE
39,2200,DESHLER
39,2270,DUBLIN
39,2340,EAST CLEVELAND
39,2480,ELYRIA
39,2500,ENGLEWOOD
39,2520,EUCLID
39,2523,EVENDALE
39,2530,FAIRBORN
39,2535,FAIRFIELD
39,2560,FAIRVIEW PARK
39,2610,FINDLAY
39,2710,FRANKLIN
39,2780,GAHANNA
39,2840,GARFIELD HTS
39,2930,GIBSONBURG
39,2970,GLENDALE
39,3080,GRAND RIVER
39,3139,GREEN
39,3200,GROVE CITY
39,3210,GROVEPORT
39,3260,HAMILTON
39,3428,HEATH
39,3500,HILLIARD
39,3622,HUBER HEIGHTS
39,3630,HUDSON
39,3670,INDEPENDENCE
39,3880,KENT
39,3895,KETTERING
39,4040,LAKEWOOD
39,4050,LANCASTER
39,4220,LIMA
39,4270,LINNDALE
39,4320,LOCKLAND
39,4340,LOGAN
39,4360,LORAIN
39,4650,MANCHESTER
39,4680,MANSFIELD
39,4685,MAPLE HEIGHTS
39,4730,MARIETTA
39,4740,MARION
39,4810,MASON
39,4820,MASSILLON
39,4840,MAUMEE
39,4860,MAYFIELD
39,4890,MEDINA
39,4960,MIAMISBURG
39,5010,MIDDLETOWN
39,5070,MILFORD
39,5090,MILLBURY
39,5230,MONROE
39,5260,MONTGOMERY
39,5275,MORAINE
39,5410,MOUNT VERNON
39,5430,MOWRYSTOWN
39,5570,NEWARK
39,5610,NEW BOSTON
39,5770,NEW PHILADELPHIA
39,5980,NORTH KINGSVILLE
39,6000,NORTH OLMSTED
39,6065,NORTON
39,6118,OAKWOOD
39,6260,OTTAWA
39,6320,PAINESVILLE
39,6339,PARIS TOWNSHIP
39,6360,PARMA HEIGHTS
39,6390,PATASKALA
39,6470,PEPPER PIKE
39,6490,PERRYSBURG
39,6740,POWELL
39,6880,REPUBLIC
39,6890,REYNOLDSBURG
39,6909,RICHFIELD
39,6990,RIVERSIDE
39,7160,RUSSELLVILLE
39,7190,ST. BERNARD
39,7290,SANDUSKY
39,7450,SHARONVILLE
39,7500,SHELBY
39,7620,SOMERSET
39,7790,SPRINGBORO
39,7795,SPRINGDALE
39,7800,SPRINGFIELD
39,7855,STOW
39,7875,STREETSBORO
39,7880,STRONGSVILLE
39,7935,SUMMERFORD
39,7980,SYLVANIA
39,8120,TOLEDO
39,8180,TROTWOOD
39,8190,TROY
39,8205,TWINSBURG
39,8220,UNION
39,8280,UPPER ARLINGTON
39,8360,VANDALIA
39,8520,WAPAKONETA
39,8530,WARREN
39,8537,WARRENSVILLE HEIGHTS
39,8670,WELLSTON
39,8710,WEST CARROLLTON
39,8730,WESTERVILLE
39,8740,WEST FARMINGTON
39,8940,WHITEHALL
39,8960,WICKLIFFE
39,9010,WILLOUGHBY
39,9180,XENIA
39,9230,YOUNGSTOWN
39,9997,Other
40,0,NOT APPLICABLE
40,20,ADA
40,30,ADAIR
40,50,AFTON
40,120,ALTUS
40,136,AMBER
40,210,ARDMORE
40,220,ARKOMA
40,260,ATOKA
40,300,BARTLESVILLE
40,310,BEAVER
40,320,BEGGS
40,340,BERNICE
40,360,BETHANY
40,400,BIXBY
40,430,BLAIR
40,440,BLANCHARD
40,460,BOISE CITY
40,470,BOKCHITO
40,480,BOKOSHE
40,580,BRISTOW
40,590,BROKEN ARROW
40,600,BROKEN BOW
40,670,BYARS
40,690,CACHE
40,710,CALERA
40,720,CALUMET
40,750,CAMERON
40,834,CARRIER
40,870,CATOOSA
40,880,CEMENT
40,900,CHANDLER
40,930,CHELSEA
40,960,CHICKASHA
40,970,CHOCTAW
40,980,CHOUTEAU
40,990,CLAREMORE
40,1010,CLEO SPRINGS
40,1020,CLEVELAND
40,1060,COLLINSVILLE
40,1140,COVINGTON
40,1150,COWETA
40,1180,CRESCENT
40,1190,CROMWELL
40,1210,CUSHING
40,1220,CUSTER CITY
40,1260,DAVIDSON
40,1270,DAVIS
40,1300,DEL CITY
40,1310,DEPEW
40,1340,DEWEY
40,1380,DOUGLAS
40,1420,DUNCAN
40,1430,DURANT
40,1460,EARLSBORO
40,1480,EDMOND
40,1500,ELGIN
40,1510,ELK CITY
40,1530,ELMORE CITY
40,1540,EL RENO
40,1550,ENID
40,1560,ERICK
40,1570,EUFAULA
40,1600,FAIRMONT
40,1730,FOYIL
40,1750,FREDERICK
40,1775,GANS
40,1830,GENE AUTRY
40,1870,GLENPOOL
40,1877,GOLDSBY
40,1900,GORE
40,1990,GROVE
40,2000,GUTHRIE
40,2010,GUYMON
40,2040,HAMMON
40,2080,HARRAH
40,2090,HARTSHORNE
40,2120,HAWORTH
40,2130,HEADRICK
40,2165,HENDRIX
40,2169,HENNEPIN
40,2170,HENNESSEY
40,2180,HENRYETTA
40,2230,HINTON
40,2264,HODGEN
40,2280,HOLDENVILLE
40,2310,HOMINY
40,2320,HOOKER
40,2340,HUGO
40,2370,IDABEL
40,2390,INDIANOLA
40,2420,JAY
40,2440,JENKS
40,2474,KANSAS
40,2490,KELLYVILLE
40,2600,KINGFISHER
40,2610,KINGSTON
40,2740,LAVERNE
40,2750,LAWTON
40,2757,LEACH
40,2820,LINDSAY
40,2850,LOCUST GROVE
40,2860,LONE WOLF
40,2920,LUTHER
40,2930,MCALESTER
40,2960,MACOMB
40,3010,MANNFORD
40,3050,MARIETTA
40,3078,MARSHALL
40,3090,MAUD
40,3115,MEAD
40,3120,MEDFORD
40,3130,MEEKER
40,3160,MIAMI
40,3170,MIDWEST CITY
40,3180,MILBURN
40,3220,MOORE
40,3280,MOUNTAIN VIEW
40,3290,MULDROW
40,3310,MUSKOGEE
40,3378,NEW CASTLE
40,3416,NINNEKAH
40,3430,NORMAN
40,3450,NORTH MIAMI
40,3466,OAKHURST
40,3480,OAKWOOD
40,3510,OKARCHE
40,3540,OKEMAH
40,3550,OKLAHOMA CITY
40,3560,OKMULGEE
40,3570,OKTAHA
40,3630,OWASSO
40,3670,PAULS VALLEY
40,3680,PAWHUSKA
40,3730,PERKINS
40,3780,PIEDMONT
40,3800,PONCA CITY
40,3817,PONTOTOC
40,3820,PORTER
40,3840,POTEAU
40,3850,PRAGUE
40,3855,PRYOR
40,3870,PURCELL
40,3890,QUAPAW
40,3940,RAMONA
40,3956,RATTAN
40,4020,REYDON
40,4050,RIPLEY
40,4120,RUSH SPRINGS
40,4160,SALLISAW
40,4170,SAND SPRINGS
40,4190,SAPULPA
40,4210,SAYRE
40,4240,SEMINOLE
40,4290,SHATTUCK
40,4300,SHAWNEE
40,4330,SKIATOOK
40,4360,SNYDER
40,4410,SPERRY
40,4450,STIGLER
40,4460,STILLWATER
40,4470,STILWELL
40,4480,STONEWALL
40,4490,STRANG
40,4560,SULPHUR
40,4600,TAHLEQUAH
40,4620,TALIHINA
40,4650,TECUMSEH
40,4710,THACKERVILLE
40,4740,TISHOMINGO
40,4750,TONKAWA
40,4780,TULSA
40,4790,TUPELO
40,4798,TURPIN
40,4800,TUTTLE
40,4830,UNION CITY
40,4860,VERDEN
40,4880,VIAN
40,4910,WAGONER
40,4980,WARNER
40,4990,WARR ACRES
40,5120,WELEETKA
40,5140,WESTVILLE
40,5150,WETUMKA
40,5160,WEWOKA
40,5170,WILBURTON
40,5200,WILSON
40,5220,WOODWARD
40,5230,WRIGHT CITY
40,5240,WYANDOTTE
40,5290,YUKON
40,9997,Other
41,0,NOT APPLICABLE
41,130,BAKER CITY
41,180,BEAVERTON
41,190,BEND
41,280,CANYONVILLE
41,410,CORNELIUS
41,420,CORVALLIS
41,660,EUGENE
41,670,FAIRVIEW
41,840,GOLD HILL
41,860,GRANTS PASS
41,880,GRESHAM
41,950,HARRISBURG
41,1000,HILLSBORO
41,1020,HOOD RIVER
41,1225,LINCOLN CITY
41,1260,MCMINNVILLE
41,1310,MEDFORD
41,1360,MILWAUKIE
41,1490,NEWBERG
41,1510,NORTH BEND
41,1580,OREGON CITY
41,1610,PENDLETON
41,1650,PORTLAND
41,1710,RAINIER
41,1720,REDMOND
41,1730,REEDSPORT
41,1750,RIDDLE
41,1780,ROSEBURG
41,1810,SALEM
41,1900,SHERWOOD
41,1960,SPRINGFIELD
41,1970,STANFIELD
41,2065,TIGARD
41,2090,TROUTDALE
41,2210,WEST LINN
41,2260,WOODBURN
42,0,NOT APPLICABLE
42,15,ABINGTON
42,110,ALLENTOWN
42,130,ALTOONA
42,162,AMITY
42,163,AMWELL TOWNSHIP
42,290,ATHENS
42,405,BALA CYNWYD
42,455,BEAR CREEK VILLAGE
42,460,BEAVER
42,510,BECHTELSVILLE
42,515,BEDMINSTER
42,610,BENTON
42,615,BENSALEM
42,660,BETHLEHEM
42,690,BIRDSBORO
42,740,BLOOMSBURG
42,753,BLUE BELL
42,860,BRENTWOOD
42,910,BRISTOL
42,995,BRYN MAWR
42,1070,CANONSBURG
42,1090,CARBONDALE
42,1100,CARLISLE
42,1150,CATASAUQUA
42,1200,CENTRE HALL
42,1202,CHADDS FORD
42,1230,CHAMBERSBURG
42,1257,CHELTENHAM
42,1270,CHESTER
42,1300,CHESWICK
42,1370,CLARION
42,1390,CLARKS SUMMIT
42,1420,CLAYSVILLE
42,1440,CLEONA
42,1472,COAL TOWNSHIP
42,1490,COALPORT
42,1500,COATESVILLE
42,1530,COLLEGEVILLE
42,1578,JOHNSTOWN
42,1657,COOLBAUGH TOWNSHIP
42,1690,CORNWALL
42,1765,CREIGHTON
42,1808,CROSS FORK
42,1816,CRUM LYNNE
42,1882,DAMASCUS
42,1980,DERRY
42,2013,DONEGAL
42,2020,DORMONT
42,2030,DOVER
42,2060,DRAVOSBURG
42,2120,DUNMORE
42,2180,EAST BERLIN
42,2225,EAST EARL
42,2270,EASTON
42,2280,EAST PETERSBURG
42,2382,EAST WHITE LAND TOWNSHIP
42,2470,EDINBORO
42,2530,ELIZABETHTOWN
42,2640,ERIE
42,2710,EXETER
42,2767,FAIRMONT CITY
42,2769,FAIRVIEW
42,2795,FARMINGTON
42,2870,FLEETWOOD
42,2940,FOREST HILLS
42,2954,FORT LOUDON
42,3015,FRANKSTOWN
42,3080,FREEMANSBURG
42,3120,GALLITZIN
42,3166,GIBSON
42,3171,GILBERTSVILLE
42,3180,GIRARD
42,3263,GLENSHAW
42,3340,GREENCASTLE
42,3390,GREENVILLE
42,3460,HAMBURG
42,3475,HARBORCREEK
42,3500,HARRISBURG
42,3550,HAWLEY
42,3570,HAZLETON
42,3591,HEMPFIELD TOWNSHIP
42,3604,HERMITAGE
42,3620,HERSHEY
42,3663,HILLTOWN
42,3670,HOLLIDAYSBURG
42,3690,HOMESTEAD
42,3700,HONESDALE
42,3883,INTERCOURSE
42,3950,JEFFERSON
42,3992,JESSUP
42,4053,KELLY TOWNSHIP
42,4060,KENHORST
42,4160,KUTZTOWN
42,4180,LANCASTER
42,4230,LANSDALE
42,4260,LANSFORD
42,4340,LEBANON
42,4370,LEETSDALE
42,4380,LEHIGHTON
42,4402,LEOLA
42,4408,LEVITTOWN
42,4480,LIGONIER
42,4550,LOCK HAVEN
42,4565,LONDON GROVE
42,4603,LOWER BURRELL
42,4630,LYKENS
42,4666,MCCANDLESS
42,4710,MCKEESPORT
42,4750,MACUNGIE
42,4800,MANHEIM
42,4805,MANNS CHOICE
42,4965,MAXATAWNY
42,5010,MECHANICSBURG
42,5120,MIDDLETOWN
42,5230,MILL CREEK
42,5235,MILLCREEK TOWNSHIP
42,5330,MILTON
42,5340,MINERSVILLE
42,5380,MONACA
42,5413,MONROEVILLE
42,5441,MONTGOMERYVILLE
42,5490,MORRISVILLE
42,5510,MOSCOW
42,5518,MOUNT BETHEL
42,5550,MOUNT JOY
42,5580,MOUNT PLEASANT
42,5630,MUNCY
42,5660,MYERSTOWN
42,5670,NANTICOKE
42,5696,NATRONA HEIGHTS
42,5700,NAZARETH
42,5730,NESCOPECK PASS
42,5740,NESQUEHONING
42,5800,NEW CASTLE
42,5860,NEW HOLLAND
42,5880,NEW KENSINGTON
42,5980,NICHOLSON
42,6000,NORRISTOWN
42,6087,NORTH HUNTINGTON TWNSH
42,6107,NORTH TOWANDA
42,6110,NORTH VANDERGRIFT
42,6120,NORTH WALES
42,6142,NOTTINGHAM
42,6293,OSTERBURG
42,6320,PALMERTON
42,6360,PARKER
42,6370,PARKESBURG
42,6443,PEACH BOTTOM
42,6486,PENN HILLS
42,6510,PERRYOPOLIS
42,6540,PHILADELPHIA
42,6560,PHOENIXVILLE
42,6580,PINE GROVE
42,6600,PITTSBURGH
42,6615,PLAINS
42,6649,PLUMSTEADVILLE
42,6665,PLYMOUTH MEETING
42,6667,PLYMOUTH VALLEY
42,6720,PORT CARBON
42,6780,POTTSTOWN
42,6790,POTTSVILLE
42,6850,QUAKERTOWN
42,6860,QUARRYVILLE
42,6900,READING
42,6970,REYNOLDSVILLE
42,7020,RIDLEY PARK
42,7136,ROME
42,7164,ROSS TOWNSHIP
42,7185,ROSTRAVER
42,7390,SAXONBURG
42,7425,SCHNECKSVILLE
42,7430,SCHUYLKILL HAVEN
42,7460,SCRANTON
42,7470,SELINSGROVE
42,7480,SELLERSVILLE
42,7640,SHILLINGTON
42,7660,SHIPPENSBURG
42,7693,SHOHOLA
42,7750,SLIPPERY ROCK
42,7795,SMITHMILL
42,7804,SMOCK
42,7815,SOLEBURY
42,7820,SOMERSET
42,7835,SOUTHAMPTON
42,7892,SOURH HUNTINGDON TOWNSHIP
42,7894,SOUTH LEBANON
42,8050,SPRING GROVE
42,8100,STATE COLLEGE
42,8103,STATE LINE
42,8104,STERLING
42,8140,STOCKERTOWN
42,8180,STRABANE
42,8210,STROUDSBURG
42,8212,STURGEON
42,8217,SUGARCREEK
42,8270,SUNBURY
42,8350,TAMAQUA
42,8390,TELFORD
42,8417,THOMASVILLE
42,8445,TINICUM
42,8470,TITUSVILLE
42,8475,TOBYHANNA
42,8490,TOWANDA
42,8670,TYRONE
42,8707,UPPER MERION
42,8709,UPPER ALLEN
42,8710,UPLAND
42,8715,UPPER DARBY
42,8757,VENETIA
42,8845,WARMINSTER
42,8890,WATERFORD
42,8940,WEATHERLY
42,9170,WEST MIFFLIN
42,9205,WEST NORRITON
42,9318,WHITEMARSH
42,9340,WILKES BARRE
42,9350,WILKINSBURG
42,9380,WILLIAMSPORT
42,9465,WOODLYN
42,9503,WRIGHTSTOWN
42,9520,WYOMING
42,9610,YORK
42,9997,Other
44,7,ANTHONY
44,13,BARRINGTON
44,30,BRISTOL
44,50,CRANSTON
44,51,CUMBERLAND HILL
44,54,FISHERVILLE
44,55,EAST GREENWICH
44,57,EAST PROVIDENCE
44,59,FOSTER
44,84,HOPKINTON
44,100,JAMESTOWN
44,105,JOHNSTON
44,135,MIDDLETOWN
44,137,NARRAGANSETT PIER
44,150,NEWPORT
44,155,QUIDNESSETT
44,156,NORTH PROVIDENCE
44,159,NORTH SMITHFIELD
44,180,PAWTUCKET
44,190,PROVIDENCE
44,194,RICHMOND
44,206,SMITHFIELD
44,208,SOUTH KINGSTOWN
44,212,TIVERTON
44,230,WARWICK
44,260,WOONSOCKET
45,0,NOT APPLICABLE
45,20,AIKEN
45,40,ANDERSON
45,85,AWENDAW
45,140,BEAUFORT
45,160,BENNETTSVILLE
45,190,BISHOPVILLE
45,240,BLUFFTON
45,244,BLYTHEWOOD
45,305,BURTON
45,330,CAMDEN
45,370,CAYCE
45,409,CHARLESTON-NAVAL CX
45,410,CHARLESTON
45,460,CLEMSON
45,480,CLINTON
45,520,COLUMBIA
45,540,CONWAY
45,600,DARLINGTON
45,700,EASLEY
45,720,EASTOVER
45,870,FLORENCE
45,880,FOREST ACRES
45,890,FORT LAWN
45,900,FORT MILL
45,910,FOUNTAIN INN
45,930,GAFFNEY
45,936,GASTON
45,940,GEORGETOWN
45,950,GILBERT
45,985,GOOSE CREEK
45,1040,GREENVILLE
45,1060,GREER
45,1080,HARDEEVILLE
45,1100,HARTSVILLE
45,1145,HILTON HEAD ISL
45,1170,HOLLYWOOD
45,1220,IRMO
45,1300,KINGSTREE
45,1316,LADSON
45,1320,LAKE CITY
45,1350,LANCASTER
45,1430,LEXINGTON
45,1440,LIBERTY
45,1450,LINCOLNVILLE
45,1500,LORIS
45,1580,MCCLELLANVILLE
45,1630,MARION
45,1634,MAULDIN
45,1650,MEGGETT
45,1680,MONCKS CORNER
45,1710,MT PLEASANT
45,1730,MYRTLE BEACH
45,1790,NORTH
45,1800,NORTH AUGUSTA
45,1805,NORTH CHARLESTON
45,1825,NORTH MYRTLE BEACH
45,2000,PENDLETON
45,2100,RAVENEL
45,2150,RIDGELAND
45,2170,RIDGEVILLE
45,2200,ROCK HILL
45,2223,RUFFIN
45,2230,ST. GEORGE
45,2380,SIMPSONVILLE
45,2460,SPARTANBURG
45,2465,SPRINGDALE
45,2530,SUMMERVILLE
45,2550,SUMTER
45,2555,SURFSIDE BEACH
45,2615,TRAVELERS REST
45,2660,UNION
45,2710,WALHALLA
45,2720,WALTERBORO
45,2780,WELLFORD
45,2790,WEST COLUMBIA
45,2970,YORK
46,0,NOT APPLICABLE
46,10,ABERDEEN
46,360,BROOKINGS
46,390,BUFFALO
46,740,DEADWOOD
46,1420,HURON
46,2005,NO SIOUX CITY
46,2160,PIERRE
46,2250,RAPID CITY
46,2450,SIOUX FALLS
46,2490,SPEARFISH
46,2820,WALL
46,2860,WATERTOWN
46,3070,YANKTON
47,0,NOT APPLICABLE
47,30,CALDERWOOD
47,70,ALTAMONT
47,75,ANTIOCH
47,80,ARDMORE
47,90,ARLINGTON
47,110,ATHENS
47,140,BAILEYTON
47,160,BARTLETT
47,173,BEAN STATION
47,245,BLOUNTVILLE
47,250,BLUFF CITY
47,260,BOLIVAR
47,272,BRENTWOOD
47,290,BRISTOL
47,300,BROWNSVILLE
47,315,BULLS GAP
47,327,CALHOUN
47,340,CARTHAGE
47,370,CENTERVILLE
47,400,CHATTANOOGA
47,410,CLARKSVILLE
47,420,CLEVELAND
47,440,CLINTON
47,442,COALMONT
47,450,COLLIERVILLE
47,470,COLUMBIA
47,480,COOKEVILLE
47,498,CORDOVA
47,499,Coopertown
47,500,CORNERSVILLE
47,520,COVINGTON
47,540,CROSSVILLE
47,620,DECHERD
47,640,DICKSON
47,690,DUNLAP
47,710,DYERSBURG
47,750,EAST RIDGE
47,810,ERWIN
47,826,ETHRIDGE
47,829,FARRAGUT
47,833,FAIRVIEW
47,834,FALL BRANCH
47,850,FRANKLIN
47,865,FRIENDSVILLE
47,890,GALLATIN
47,930,GERMANTOWN
47,940,GIBSON
47,960,GOODLETTSVILLE
47,985,GRAY
47,1000,GREENBRIER
47,1010,GREENEVILLE
47,1070,HARTSVILLE
47,1080,HENDERSON
47,1085,HENDERSONVILLE
47,1105,HERMITAGE
47,1122,HIXSON
47,1170,HUMBOLDT
47,1180,HUNTINGDON
47,1198,JACKSBORO
47,1200,JACKSON
47,1220,JASPER
47,1230,JEFFERSON CITY
47,1250,JOHNSON CITY
47,1260,JONESBOROUGH
47,1272,KIMBALL
47,1280,KINGSPORT
47,1291,KINGSTON SPRINGS
47,1300,KNOXVILLE
47,1340,ROCKY TOP
47,1345,LA VERGNE
47,1350,LAWRENCEBURG
47,1360,LEBANON
47,1370,LENOIR CITY
47,1390,LEXINGTON
47,1420,LIVINGSTON
47,1450,LORETTO
47,1460,LOUDON
47,1464,LOUISVILLE
47,1530,MCMINNVILLE
47,1535,MADISON
47,1550,MANCHESTER
47,1570,MARYVILLE
47,1620,MEMPHIS
47,1660,MILLINGTON
47,1680,MONTEREY
47,1700,MORRISTOWN
47,1715,MOSHEIM
47,1726,MOUNT CARMEL
47,1727,MOUNT JULIET
47,1750,MURFREESBORO
47,1760,NASHVILLE
47,1780,OLDTOWN
47,1800,NIOTA
47,1850,OAK RIDGE
47,1863,OLDFORT
47,1880,ONEIDA
47,1885,OOLTEWAH
47,1933,PEGRAM
47,1948,PIGEON FORGE
47,1950,PIKEVILLE
47,1960,PLEASANT HILL
47,1970,PORTLAND
47,1980,PULASKI
47,1999,RED BANK
47,2050,RIPLEY
47,2080,ROGERSVILLE
47,2140,SAVANNAH
47,2150,SCOTTS HILL
47,2160,SELMER
47,2170,SEVIERVILLE
47,2200,SHELBYVILLE
47,2250,SMYRNA
47,2260,SODDY DAISY
47,2275,SOUTH CARTHAGE
47,2340,SPRINGFIELD
47,2350,SPRING HILL
47,2369,SWEETWATER
47,2375,TAZEWELL
47,2410,TOWNSEND
47,2460,TROY
47,2470,TULLAHOMA
47,2480,UNION CITY
47,2505,WARTBURG
47,2530,WAVERLY
47,2610,WOODBURY
48,0,NOT APPLICABLE
48,30,ABILENE
48,50,ALAMO
48,60,ALAMO HEIGHTS
48,90,ALICE
48,92,ALLEN
48,96,ALMA
48,120,ALVARADO
48,130,ALVIN
48,140,ALVORD
48,150,AMARILLO
48,160,AMHERST
48,180,ANDREWS
48,190,ANGLETON
48,200,ANNA
48,240,ARANSAS PASS
48,250,FRISCO
48,255,ARGYLE
48,260,ARLINGTON
48,295,ATASCOSA
48,300,ATHENS
48,330,AUSTIN
48,364,AZLE
48,380,BAIRD
48,387,BALCH SPRINGS
48,390,BALCONES HEIGHTS
48,460,BASTROP
48,470,BAY CITY
48,480,BAYTOWN
48,490,BEAUMONT
48,502,BEDFORD
48,510,BEEVILLE
48,530,BELLAIRE
48,545,BELLMEAD
48,550,BELLS
48,570,BELTON
48,590,BENBROOK
48,601,BERRYVILLE
48,606,BERTRAM
48,640,BIG SPRING
48,740,BOERNE
48,750,BOGATA
48,760,BONHAM
48,780,BORGER
48,800,BOWIE
48,860,BRECKENRIDGE
48,880,BRENHAM
48,885,BRIDGE CITY
48,890,BRIDGEPORT
48,920,BROWNFIELD
48,940,BROWNSVILLE
48,950,BROWNWOOD
48,956,BRUCEVILLE-EDDY
48,970,BRYAN
48,980,BRYSON
48,990,BUDA
48,1012,BULVERDE
48,1021,BURKE
48,1030,BURLESON
48,1040,BURNET
48,1050,BYERS
48,1160,CANYON
48,1190,CARROLLTON
48,1200,CARTHAGE
48,1209,CASTLE HILLS
48,1210,CASTROVILLE
48,1220,CATARINA
48,1240,CEDAR HILL
48,1242,CEDAR PARK
48,1260,CELINA
48,1270,CENTER
48,1284,CHANDLER
48,1300,CHILDRESS
48,1312,CHINA
48,1315,CHINA GROVE
48,1325,CIBOLO
48,1370,CLEBURNE
48,1380,CLEVELAND
48,1395,CLUTE
48,1440,COLLEGE STATION
48,1490,COMMERCE
48,1510,CONROE
48,1512,CONVERSE
48,1519,COOKVILLE
48,1530,COOPER
48,1539,COPPELL
48,1540,COPPERAS COVE
48,1545,CORINTH
48,1550,CORPUS CHRISTI
48,1560,CORRIGAN
48,1570,CORSICANA
48,1620,CROCKETT
48,1645,NEW HOPE (HISTORICAL)
48,1654,CROWLEY
48,1692,CUT AND SHOOT
48,1720,DALHART
48,1730,DALLAS
48,1770,DAYTON
48,1780,DECATUR
48,1790,DEER PARK
48,1820,DEL RIO
48,1821,DEL VALLE
48,1830,DENISON
48,1840,DENTON
48,1870,DESOTO
48,1900,DIBOLL
48,1970,DONNA
48,2010,DUNCANVILLE
48,2030,EAGLE PASS
48,2035,EARLY
48,2090,EDEN
48,2110,EDINBURG
48,2130,EL CAMPO
48,2160,ELGIN
48,2187,ELMENDORF
48,2190,EL PASO
48,2200,ELSA
48,2240,ENNIS
48,2246,ESCOBARES
48,2255,EULESS
48,2256,EUSTACE
48,2282,FAIRVIEW
48,2310,FARMERS BRANCH
48,2320,FARMERSVILLE
48,2330,FATE
48,2345,FENTRESS
48,2360,FERRIS
48,2366,FISCHER
48,2390,FLORESVILLE
48,2395,FLOWER MOUND
48,2400,FLOYDADA
48,2420,FOREST HILL
48,2430,FORNEY
48,2440,FORT STOCKTON
48,2450,FORT WORTH
48,2480,FREDERICKSBURG
48,2520,FRISCO
48,2550,GAINESVILLE
48,2570,GALVESTON
48,2590,GARLAND
48,2610,GATESVILLE
48,2620,GEORGETOWN
48,2640,GIDDINGS
48,2650,GILMER
48,2670,GLADEWATER
48,2720,GONZALES
48,2770,GRAHAM
48,2780,GRANBURY
48,2800,GRAND PRAIRIE
48,2840,GRAPELAND
48,2850,GRAPEVINE
48,2858,GRAYS PRARIE
48,2860,GREENVILLE
48,2905,GROVES
48,2980,HALLSVILLE
48,2990,HALTOM CITY
48,3030,HARLINGEN
48,3062,HAWLEY
48,3110,HEMPSTEAD
48,3120,HENDERSON
48,3153,HEWITT
48,3165,HIDALGO
48,3210,HILLSBORO
48,3220,HITCHCOCK
48,3276,HORIZON CITY
48,3280,HOUSTON
48,3290,HOWE
48,3320,HUMBLE
48,3330,HUNTINGTON
48,3340,HUNTSVILLE
48,3347,HURST
48,3360,HUTTO
48,3420,IRVING
48,3430,ITALY
48,3470,JACKSONVILLE
48,3478,JARRELL
48,3505,JERSEY VILLAGE
48,3510,JEWETT
48,3537,JONES CREEK
48,3541,JONESTOWN
48,3560,JUSTIN
48,3590,KAUFMAN
48,3630,KENEDY
48,3640,KENNEDALE
48,3670,KERRVILLE
48,3680,KILGORE
48,3690,KILLEEN
48,3705,KIRBY
48,3758,KRUGERVILLE
48,3760,KYLE
48,3780,LA FERIA
48,3800,LAKE JACKSON
48,3832,LAKEWAY
48,3840,LAKE WORTH VILLAGE
48,3850,LA MARQUE
48,3860,LAMESA
48,3880,LANCASTER
48,3890,LA PORTE
48,3891,LA PRYOR
48,3899,LAREDO
48,3920,LEAGUE CITY
48,3925,LEANDER
48,3940,LEONARD
48,3945,LEROY
48,3960,LEWISVILLE
48,3980,LIBERTY
48,3990,LINDALE
48,4007,LITTLE ELM
48,4015,LIVE OAK
48,4020,LIVINGSTON
48,4040,LOCKHART
48,4070,LONE OAK
48,4080,LONGVIEW
48,4095,LORENA
48,4110,LOS FRESNOS
48,4140,LUBBOCK
48,4155,LUCAS
48,4160,LUFKIN
48,4172,LUMBERTON
48,4197,MCALLEN
48,4230,MCKINNEY
48,4242,MCLENDON CHISHOLM
48,4290,MANOR
48,4300,MANSFIELD
48,4306,MANVEL
48,4310,MARBLE FALLS
48,4380,MASON
48,4400,MATHIS
48,4445,MELISSA
48,4500,MERKEL
48,4530,MESQUITE
48,4560,MIDLAND
48,4570,MIDLOTHIAN
48,4579,MILDRED
48,4590,MILFORD
48,4610,MINEOLA
48,4630,MINERAL WELLS
48,4650,MISSION
48,4655,MISSOURI CITY
48,4660,MONAHANS
48,4666,MONT BELVIEU
48,4750,MOUNT PLEASANT
48,4802,MURPHY
48,4810,NACOGDOCHES
48,4821,NASSAU BAY
48,4850,NEEDVILLE
48,4855,NEWARK
48,4870,NEW BRAUNFELS
48,4908,NEW WAVERLY
48,4924,NOLANVILLE
48,4960,NORTH LAKE
48,4965,NORTH RICHLAND HILLS
48,4971,NORTH ZULCH
48,4976,NOTREES
48,4999,OAK RIDGE NORTH
48,5030,ODESSA
48,5090,OMAHA
48,5095,ONALASKA
48,5100,ORANGE
48,5160,PALACIOS
48,5170,PALESTINE
48,5180,PALMER
48,5190,PAMPA
48,5200,PANHANDLE
48,5220,PARIS
48,5230,PASADENA
48,5249,PEARLAND
48,5260,PEARSALL
48,5280,PECOS
48,5300,PERRYTON
48,5325,PFLUGERVILLE
48,5330,PHARR
48,5370,PITTSBURG
48,5380,PLAINVIEW
48,5390,PLANO
48,5412,POINT COMFORT
48,5430,PORT ARTHUR
48,5440,PORT ISABEL
48,5450,PORTLAND
48,5460,PORT LAVACA
48,5510,POTTSBORO
48,5515,PRAIRIE VIEW
48,5525,PRESIDIO
48,5530,PRINCETON
48,5540,PROSPER
48,5590,QUINLAN
48,5685,RED OAK
48,5707,RETREAT
48,5710,RHOME
48,5720,RICE
48,5730,RICHARDSON
48,5780,RIO GRANDE CITY
48,5845,ROBINSON
48,5890,ROCKPORT
48,5910,ROCKWALL
48,5925,ROLLINGWOOD
48,5950,ROSCOE
48,5970,ROSENBERG
48,5975,ROSS
48,5990,ROUND ROCK
48,6000,ROUND TOP
48,6001,ROWLETT
48,6010,ROYSE CITY
48,6053,SACHSE
48,6060,SAGINAW
48,6080,SAN ANGELO
48,6090,SAN ANTONIO
48,6110,SAN BENITO
48,6140,SAN FELIPE
48,6160,SAN JUAN
48,6170,SAN MARCOS
48,6213,SANTA FE
48,6229,SATTLER
48,6237,SCHERTZ
48,6260,SEAGOVILLE
48,6280,SEALY
48,6290,SEGUIN
48,6293,SELMA
48,6300,SEMINOLE
48,6314,SEVEN POINTS
48,6344,SHEPHERD
48,6350,SHERMAN
48,6380,SILSBEE
48,6400,SINTON
48,6436,SMYER
48,6448,SOCORRO
48,6485,SOUTH LAKE
48,6502,SOUTH PADRE ISLAND
48,6553,SPRING
48,6555,SPRINGTOWN
48,6556,SPRING VALLEY
48,6590,STEPHENVILLE
48,6620,STRATFORD
48,6660,SUGAR LAND
48,6670,SULPHUR SPRINGS
48,6685,SUNNYVALE
48,6720,SWEETWATER
48,6780,TAYLOR
48,6810,TEMPLE
48,6830,TERRELL
48,6850,TEXARKANA
48,6860,TEXAS CITY
48,6970,TOMBALL
48,7000,TRENT
48,7010,TRENTON
48,7019,TRINIDAD
48,7020,TRINITY
48,7031,TROY
48,7069,TYE
48,7070,TYLER
48,7080,CITY OF UNIVERSITY PARK
48,7090,UVALDE
48,7112,VALLEY VIEW
48,7130,VAN ALSTYNE
48,7145,VAN VLECK
48,7170,VENUS
48,7180,VERNON
48,7190,VICTORIA
48,7200,VIDOR
48,7210,WACO
48,7254,WARREN
48,7258,WATAUGA
48,7260,WASKOM
48,7270,WAXAHACHIE
48,7280,WEATHERFORD
48,7286,WEBSTER
48,7330,WESLACO
48,7353,WESTLAKE
48,7410,WHARTON
48,7430,WHITE DEER
48,7450,WHITESBORO
48,7460,WHITE SETTLEMENT
48,7480,WHITNEY
48,7490,WICHITA FALLS
48,7500,WILLIS
48,7503,WILLOW PARK
48,7520,WILMER
48,7526,WIMBERLEY
48,7620,WYLIE
48,7660,ZAPATA
48,9997,Other
49,0,NOT APPLICABLE
49,15,ALTA
49,20,ALTON
49,40,AMERICAN FORK
49,45,ANETH
49,70,AURORA
49,80,BEAR RIVER CITY
49,125,BLUFF
49,150,BRIGHAM CITY
49,157,CACHE JUNCTION
49,190,CEDAR CITY
49,195,CEDAR FORT
49,210,CENTERVILLE
49,235,CHESTER
49,260,CLEARFIELD
49,300,CORINNE
49,310,CORNISH
49,311,COTTONWOOD
49,344,DRAPER
49,359,ECHO
49,366,EAGLE MOUNTAIN
49,410,ENTERPRISE
49,450,FAIRVIEW
49,460,FARMINGTON
49,465,FARR WEST
49,507,FORT DUCHESNE
49,580,GLENDALE
49,610,GRANTSVILLE
49,620,GREEN RIVER
49,638,HARRISVILLE
49,650,HEBER CITY
49,660,HELPER
49,712,HOLLADAY
49,750,HUNTSVILLE
49,760,HURRICANE
49,780,HYRUM
49,790,IVINS
49,800,JOSEPH
49,850,KANOSH
49,860,KAYSVILLE
49,865,KEARNS
49,885,LAKEPOINT
49,910,LAYTON
49,940,LEHI
49,990,LOGAN
49,1067,MARRIOTT
49,1080,MAYFIELD
49,1090,MEADOW
49,1111,MEXICAN HAT
49,1120,MIDVALE
49,1130,MIDWAY
49,1140,BOUNTIFUL
49,1170,MOAB
49,1200,MONTICELLO
49,1210,MORGAN
49,1228,MOUNT CARMEL
49,1230,MOUNT PLEASANT
49,1240,MURRAY
49,1251,NAPLES
49,1260,NEPHI
49,1350,OGDEN
49,1390,OREM
49,1420,PARADISE
49,1430,PARAGONAH
49,1440,PARK CITY
49,1460,PAYSON
49,1500,PLEASANT GROVE
49,1510,PLEASANT VIEW
49,1560,PROVO
49,1590,RICHFIELD
49,1600,RICHMOND
49,1610,RIVERDALE
49,1630,RIVERTON
49,1640,ROOSEVELT
49,1650,ROY
49,1658,RUSH VALLEY
49,1670,ST. GEORGE
49,1680,SALEM
49,1690,SALINA
49,1700,SALT LAKE CITY
49,1710,SANDY CITY
49,1720,SANTA CLARA
49,1740,SCIPIO
49,1760,SIGURD
49,1770,SMITHFIELD
49,1780,SNOWVILLE
49,1810,SOUTH OGDEN
49,1820,SOUTH SALT LAKE
49,1840,SPANISH FORK
49,1855,SPRINGDALE
49,1860,SPRINGVILLE
49,1924,TAYLORSVILLE
49,1925,THOMPSON SPRINGS
49,1940,TOOELE
49,1950,TOQUERVILLE
49,1960,TORREY
49,1970,TREMONTON
49,2010,VERNAL
49,2033,WALLSBURG
49,2050,WASHINGTON
49,2070,WELLINGTON
49,2080,WELLSVILLE
49,2095,WEST HAVEN
49,2100,WEST JORDAN
49,2113,WEST VALLEY CITY
49,2116,WHITEROCKS
49,2120,WILLARD
49,2130,WOODRUFF
49,2140,WOODS CROSS
49,9898,Not Reported
49,9997,Other
50,32,ATHENS
50,38,BARNET
50,40,BARRE
50,70,BENNINGTON
50,71,BERLIN CORNERS
50,72,BETHEL
50,80,BRADFORD
50,106,BRIDPORT
50,120,BURLINGTON
50,155,COLCHESTER
50,179,DUXBURY
50,190,ENOSBURG FALLS
50,207,FAIRFAX
50,218,GEORGIA CENTER
50,228,GRAND ISLE
50,230,GROTON
50,240,HARDWICK
50,243,HIGHGATE CENTER
50,342,MARLBORO
50,355,MENDON
50,365,MIDDLESEX
50,373,MONTGOMERY
50,398,NEWBURY
50,411,NEWPORT CENTER
50,472,PANTON
50,490,PITTSFORD
50,510,POULTNEY
50,520,PROCTOR
50,576,ROCKINGHAM
50,578,RUPERT
50,579,ROYALTON
50,590,ST. ALBANS
50,615,SHELBURNE
50,616,SHREWSBURY
50,620,SOUTH BURLINGTON
50,625,SOUTH HERO
50,630,SPRINGFIELD
50,645,SUNDERLAND
50,650,SWANTON
50,660,TOWNSHEND
50,679,WASHINGTON
50,716,WEST DUMMERSTON
50,746,WEYBRIDGE
50,764,WILLIAMSTOWN
50,765,WILLISTON
51,0,NOT APPLICABLE
51,10,ABINGDON
51,40,ALEXANDRIA
51,180,BLACKSBURG
51,190,BLACKSTONE
51,240,BOWLING GREEN
51,260,BOYDTON
51,290,BRIDGEWATER
51,370,BUENA VISTA
51,422,CENTREVILLE
51,440,CHARLOTTESVILLE
51,465,CHERITON
51,468,CHESAPEAKE
51,500,CHRISTIANSBURG
51,620,COLONIAL HEIGHTS
51,720,DANVILLE
51,740,DENDRON
51,870,EMPORIA
51,930,FALLS CHURCH
51,1010,FRANKLIN
51,1020,FREDERICKSBURG
51,1106,GLOUCESTER POINT
51,1180,HAMPTON
51,1190,HARRISONBURG
51,1220,HERNDON
51,1250,HILLSVILLE
51,1360,JONESVILLE
51,1400,LA CROSSE
51,1440,LEESBURG
51,1480,LURAY
51,1490,LYNCHBURG
51,1530,MADISON
51,1560,MARION
51,1586,MELFA
51,1720,NEWPORT NEWS
51,1760,NORFOLK
51,1851,PAINTER
51,1910,PETERSBURG
51,1970,PORTSMOUTH
51,2060,RICHMOND
51,2100,ROANOKE
51,2170,SALEM
51,2290,SOUTH HILL
51,2340,STEPHENS CITY
51,2390,SUFFOLK
51,2400,SURRY
51,2420,TAPPAHANNOCK
51,2520,VINTON
51,2540,VIRGINIA BEACH
51,2600,WAVERLY
51,2610,WAYNESBORO
51,2630,WILLIAMSBURG
51,2640,WINCHESTER
51,2660,WISE
51,2680,WYTHEVILLE
51,9898,Not Reported
51,9997,Other
53,0,NOT APPLICABLE
53,22,AIRWAY HEIGHTS
53,50,ANACORTES
53,80,ARLINGTON
53,100,AUBURN
53,107,BATTLE GROUND
53,109,BELLEVUE
53,110,BELLINGHAM
53,170,BOTHELL
53,180,BREMERTON
53,229,BURIEN
53,230,BURLINGTON
53,300,CENTRALIA
53,310,CHEHALIS
53,320,CHELAN
53,390,COLLEGE PLACE
53,410,COLVILLE
53,470,COUPEVILLE
53,475,COVINGTON
53,532,DES MOINES
53,540,DUVALL
53,586,EDGEWOOD
53,690,EVERETT
53,735,FEDERAL WAY
53,740,FERNDALE
53,747,FIFE
53,750,FIRCREST
53,980,ISSAQUAH
53,1010,KELSO
53,1018,KENMORE
53,1020,KENNEWICK
53,1030,KENT
53,1050,KIRKLAND
53,1102,LACEY
53,1120,LAKE STEVENS
53,1124,LAKEWOOD
53,1190,LONGVIEW
53,1215,LYNNWOOD
53,1230,MC CLEARY
53,1280,MARYSVILLE
53,1305,MERCER ISLAND
53,1350,MILTON
53,1360,MONROE
53,1390,MOSES LAKE
53,1407,MOUNTLAKE TERRACE
53,1410,MOUNT VERNON
53,1472,NEWCASTLE
53,1495,NORMANDY PARK
53,1500,NORTH BEND
53,1570,ODESSA
53,1590,OLYMPIA
53,1660,PASCO
53,1700,PORT ANGELES
53,1770,PUYALLUP
53,1820,REDMOND
53,1830,RENTON
53,1850,RICHLAND
53,1958,SEATAC
53,1960,SEATTLE
53,1980,SELAH
53,2000,SHELTON
53,2005,SHORELINE
53,2030,SNOHOMISH
53,2090,SOUTH PRAIRIE
53,2110,SPOKANE
53,2113,SPOKANE VALLEY
53,2140,STANWOOD
53,2230,TACOMA
53,2300,TOPPENISH
53,2310,TUKWILA
53,2320,TUMWATER
53,2370,VANCOUVER
53,2420,WASHOUGAL
53,2460,WENATCHEE
53,2475,WEST RICHLAND
53,2570,WOODLAND
53,2590,YAKIMA
54,0,NOT APPLICABLE
54,57,ALMA
54,64,ALUM CREEK
54,75,AMMA
54,104,ARNOLDSBURG
54,106,ARTHUR
54,107,ARNETT
54,114,ASBURY
54,121,AUGUSTA
54,123,AURORA
54,127,BAKER
54,130,BARBOURSVILLE
54,150,BARTOW
54,158,BAXTER
54,165,BEAVER
54,170,BECKLEY
54,180,BELINGTON
54,195,BELVA
54,205,BERKELEY SPRINGS
54,249,BIRCH RIVER
54,259,BLUE CREEK
54,260,BLUEFIELD
54,287,BRADLEY
54,330,BRUCETON MILLS
54,333,BRUNO
54,340,BUCKHANNON
54,350,BUFFALO
54,353,BURLINGTON
54,354,BUNKER HILL
54,365,CABIN CREEK
54,370,CAIRO
54,410,CAPON BRIDGE
54,450,CEDAR GROVE
54,452,CEDARVILLE
54,480,CHARLESTON
54,490,CHARLES TOWN
54,530,CHESTER
54,540,CLARKSBURG
54,560,CLENDENIN
54,590,CORA
54,619,CROSS LANES
54,626,CRUM
54,648,DANIELS
54,665,DAVISVILLE
54,685,DELLSLOW
54,700,DUNBAR
54,810,ELKINS
54,820,ELLENBORO
54,864,FALLING WATERS
54,930,FOLLANSBEE
54,934,FORT ASHBY
54,939,FORT SEYBERT
54,947,FRANKFORD
54,950,FRANKLIN
54,965,GALLAGHER
54,968,GALLIPOLIS FERRY
54,969,GAP MILLS
54,996,GHENT
54,1028,GLENHAYES
54,1031,GLEN JEAN
54,1054,GLEN WHITE
54,1060,GRAFTON
54,1086,GREEN SULPHUR SPRINGS
54,1120,HANDLEY
54,1140,HARPERS FERRY
54,1170,HEDGESVILLE
54,1204,HERNDON
54,1207,HEWETT
54,1220,HINTON
54,1270,HUNTINGTON
54,1290,HUTTONSVILLE
54,1329,JUMPING BRANCH
54,1334,JUNCTION
54,1350,KENOVA
54,1370,KEYSER
54,1430,KOPPERSTON
54,1438,LAVALETTE
54,1442,LEETOWN
54,1450,LEON
54,1455,LERONA
54,1470,LEWISBURG
54,1500,LOGAN
54,1520,LOST CREEK
54,1530,LUMBERPORT
54,1554,MACFARLAN
54,1630,MANNINGTON
54,1640,MARLINTON
54,1650,MARMET
54,1660,MARTINSBURG
54,1718,MAXWELTON
54,1743,MILAM
54,1775,MINERAL WELLS
54,1820,MONTROSE
54,1840,MORGANTOWN
54,1850,MOUNDSVILLE
54,1860,MOUNT CLARE
54,1872,MOUNT NEBO
54,1888,NAPIER
54,1930,NEW MARTINSVILLE
54,1950,NORTHFORK
54,1952,NORTH MATEWAN
54,1998,OLD FIELDS
54,2040,PARKERSBURG
54,2080,PENNSBORO
54,2125,PINCH
54,2140,PINEVILLE
54,2180,PRINCETON
54,2230,RANSON
54,2290,RICHWOOD
54,2300,RIDGELEY
54,2308,RIO
54,2310,RIPLEY
54,2315,RIPPON
54,2320,RIVESVILLE
54,2327,ROCKPORT
54,2340,RONCEVERTE
54,2370,ST. ALBANS
54,2390,SALEM
54,2411,SHADY SPRING
54,2420,SHEPHERDSTOWN
54,2439,SISSONVILLE
54,2464,SOD
54,2480,SOUTH CHARLESTON
54,2485,SOUTHSIDE
54,2510,SPENCER
54,2567,SUMERCO
54,2625,TORNADO
54,2644,TURTLE CREEK
54,2658,VALLEY HEAD
54,2670,VIENNA
54,2686,WALKER
54,2690,WAR
54,2715,WASHINGTON
54,2730,WEIRTON
54,2830,WHEELING
54,2833,WHITE OAK
54,2870,WILLIAMSON
54,2890,WINFIELD
54,3000,YAWKEY
55,0,NOT APPLICABLE
55,170,APPLETON
55,220,ASHLAND
55,223,ASHWAUBENON
55,440,BELOIT
55,510,BIRON
55,685,BRISTOL
55,708,BROOKFIELD
55,795,CALEDONIA
55,1000,CHIPPEWA FALLS
55,1120,COLUMBUS
55,1138,CONOVER
55,1220,CUDAHY
55,1300,DE FOREST
55,1305,DELAFIELD
55,1320,DENMARK
55,1470,EAU CLAIRE
55,1560,ELK MOUND
55,1575,ELM GROVE
55,1700,FENNIMORE
55,1730,FOND DU LAC
55,1796,FRANKLIN
55,1890,GERMANTOWN
55,1921,GLENDALE
55,2000,GREEN BAY
55,2015,GREENFIELD
55,2211,HOWARD
55,2320,JANESVILLE
55,2340,JOHNSON CREEK
55,2370,KAUKAUNA
55,2400,KENOSHA
55,2470,KOHLER
55,2490,LA CROSSE
55,2500,LADYSMITH
55,2780,MADISON
55,2810,MANITOWOC
55,2840,MARINETTE
55,2910,MAUSTON
55,2980,MENASHA
55,3002,MEQUON
55,3010,MERRILL
55,3060,MILLADORE
55,3100,MILWAUKEE
55,3130,MONDOVI
55,3140,MONONA
55,3200,MOSINEE
55,3352,NEW BERLIN
55,3430,N FOND DU LAC
55,3475,SOUTH MILWAUKEE
55,3490,OCONOMOWOC
55,3560,ONALASKA
55,3620,OSHKOSH
55,3660,PALMYRA
55,3740,PEWAUKEE
55,3795,PLEASANT PRAIRIE
55,3960,PULASKI
55,3970,RACINE
55,4080,RICE LAKE
55,4089,RICHFIELD
55,4150,RIVER HILLS
55,4255,SALEM
55,4260,SAUK CITY
55,4490,SOUTH MILWAUKEE
55,4530,SPARTA
55,4620,STEVENS POINT
55,4660,STOUGHTON
55,4690,STURGEON BAY
55,4720,SUN PRAIRIE
55,4730,SUPERIOR
55,4760,SUSSEX
55,4970,VIROQUA
55,5060,WAUKESHA
55,5110,WAUSAU
55,5120,WAUTOMA
55,5130,WAUWATOSA
55,5160,WEST ALLIS
55,5170,WEST BEND
55,5220,WEST MILWAUKEE
55,5400,WISCONSIN RAPIDS
55,5430,WONEWOC
55,9997,Other
56,0,NOT APPLICABLE
56,90,CASPER
56,100,CHEYENNE
56,130,CODY
56,200,DOUGLAS
56,310,GILLETTE
56,410,JACKSON
56,660,POWELL
56,690,RAWLINS
56,730,ROCK SPRINGS
56,770,SINCLAIR
56,891,WRIGHT
