STATE,COUNTY,COUNTYNAME
1,1,AUTAUGA (1)
1,3,BALDWIN (3)
1,5,BARBOUR (5)
1,7,BIBB (7)
1,9,BLOUNT (9)
1,11,BULLOCK (11)
1,13,BUTLER (13)
1,15,CALHOUN (15)
1,17,CHAMBERS (17)
1,19,CHEROKEE (19)
1,21,CHILTON (21)
1,23,CHOCTAW (23)
1,25,CLARKE (25)
1,27,CLAY (27)
1,29,CLEBURNE (29)
1,31,COFFEE (31)
1,33,COLBERT (33)
1,35,CONECUH (35)
1,37,COOSA (37)
1,39,COVINGTON (39)
1,41,CRENSHAW (41)
1,43,CULLMAN (43)
1,45,DALE (45)
1,47,DALLAS (47)
1,49,DEKALB (49)
1,51,ELMORE (51)
1,53,ESCAMBIA (53)
1,55,ETOWAH (55)
1,57,FAYETTE (57)
1,59,FRANKLIN (59)
1,61,GENEVA (61)
1,63,GREENE (63)
1,65,HALE (65)
1,67,HENRY (67)
1,69,HOUSTON (69)
1,71,JACKSON (71)
1,73,JEFFERSON (73)
1,75,LAMAR (75)
1,77,LAUDERDALE (77)
1,79,LAWRENCE (79)
1,81,LEE (81)
1,83,LIMESTONE (83)
1,85,LOWNDES (85)
1,87,MACON (87)
1,89,MADISON (89)
1,91,MARENGO (91)
1,93,MARION (93)
1,95,MARSHALL (95)
1,97,MOBILE (97)
1,99,MONROE (99)
1,101,MONTGOMERY (101)
1,103,MORGAN (103)
1,105,PERRY (105)
1,107,PICKENS (107)
1,109,PIKE (109)
1,111,RANDOLPH (111)
1,113,RUSSELL (113)
1,115,ST. CLAIR (115)
1,117,SHELBY (117)
1,119,SUMTER (119)
1,121,TALLADEGA (121)
1,123,TALLAPOOSA (123)
1,125,TUSCALOOSA (125)
1,127,WALKER (127)
1,129,WASHINGTON (129)
1,131,WILCOX (131)
1,133,WINSTON (133)
2,20,ANCHORAGE (20)
2,66,COPPER RIVER CA (66)
2,90,FAIRBANKS NORTH STAR (90)
2,122,KENAI PENINSULA (122)
2,150,KODIAK ISLAND (150)
2,170,MATANUSKA-SUSITNA (170)
2,188,NORTHWEST ARCTIC (188)
2,220,SITKA (220)
2,240,SOUTHEAST FAIRBANKS (240)
2,290,YUKON-KOYUKUK (290)
4,1,APACHE (1)
4,3,COCHISE (3)
4,5,COCONINO (5)
4,7,GILA (7)
4,9,GRAHAM (9)
4,11,GREENLEE (11)
4,12,LA PAZ (12)
4,13,MARICOPA (13)
4,15,MOHAVE (15)
4,17,NAVAJO (17)
4,19,PIMA (19)
4,21,PINAL (21)
4,23,SANTA CRUZ (23)
4,25,YAVAPAI (25)
4,27,YUMA (27)
4,999,UNKNOWN (999)
5,1,ARKANSAS (1)
5,3,ASHLEY (3)
5,5,BAXTER (5)
5,7,BENTON (7)
5,9,BOONE (9)
5,11,BRADLEY (11)
5,13,CALHOUN (13)
5,15,CARROLL (15)
5,19,CLARK (19)
5,21,CLAY (21)
5,23,CLEBURNE (23)
5,25,CLEVELAND (25)
5,27,COLUMBIA (27)
5,29,CONWAY (29)
5,31,CRAIGHEAD (31)
5,33,CRAWFORD (33)
5,35,CRITTENDEN (35)
5,37,CROSS (37)
5,39,DALLAS (39)
5,41,DESHA (41)
5,43,DREW (43)
5,45,FAULKNER (45)
5,47,FRANKLIN (47)
5,49,FULTON (49)
5,51,GARLAND (51)
5,53,GRANT (53)
5,55,GREENE (55)
5,57,HEMPSTEAD (57)
5,59,HOT SPRING (59)
5,61,HOWARD (61)
5,63,INDEPENDENCE (63)
5,65,IZARD (65)
5,67,JACKSON (67)
5,69,JEFFERSON (69)
5,71,JOHNSON (71)
5,73,LAFAYETTE (73)
5,75,LAWRENCE (75)
5,77,LEE (77)
5,79,LINCOLN (79)
5,81,LITTLE RIVER (81)
5,83,LOGAN (83)
5,85,LONOKE (85)
5,87,MADISON (87)
5,89,MARION (89)
5,91,MILLER (91)
5,93,MISSISSIPPI (93)
5,95,MONROE (95)
5,97,MONTGOMERY (97)
5,99,NEVADA (99)
5,101,NEWTON (101)
5,103,OUACHITA (103)
5,105,PERRY (105)
5,107,PHILLIPS (107)
5,109,PIKE (109)
5,111,POINSETT (111)
5,113,POLK (113)
5,115,POPE (115)
5,117,PRAIRIE (117)
5,119,PULASKI (119)
5,121,RANDOLPH (121)
5,123,ST FRANCIS (123)
5,125,SALINE (125)
5,127,SCOTT (127)
5,129,SEARCY (129)
5,131,SEBASTIAN (131)
5,133,SEVIER (133)
5,135,SHARP (135)
5,137,STONE (137)
5,139,UNION (139)
5,141,VAN BUREN (141)
5,143,WASHINGTON (143)
5,145,WHITE (145)
5,149,YELL (149)
6,1,ALAMEDA (1)
6,3,ALPINE (3)
6,5,AMADOR (5)
6,7,BUTTE (7)
6,9,CALAVERAS (9)
6,11,COLUSA (11)
6,13,CONTRA COSTA (13)
6,15,DEL NORTE (15)
6,17,EL DORADO (17)
6,19,FRESNO (19)
6,21,GLENN (21)
6,23,HUMBOLDT (23)
6,25,IMPERIAL (25)
6,27,INYO (27)
6,29,KERN (29)
6,31,KINGS (31)
6,33,LAKE (33)
6,35,LASSEN (35)
6,37,LOS ANGELES (37)
6,39,MADERA (39)
6,41,MARIN (41)
6,43,MARIPOSA (43)
6,45,MENDOCINO (45)
6,47,MERCED (47)
6,49,MODOC (49)
6,51,MONO (51)
6,53,MONTEREY (53)
6,55,NAPA (55)
6,57,NEVADA (57)
6,59,ORANGE (59)
6,61,PLACER (61)
6,63,PLUMAS (63)
6,65,RIVERSIDE (65)
6,67,SACRAMENTO (67)
6,69,SAN BENITO (69)
6,71,SAN BERNARDINO (71)
6,73,SAN DIEGO (73)
6,75,SAN FRANCISCO (75)
6,77,SAN JOAQUIN (77)
6,79,SAN LUIS OBISPO (79)
6,81,SAN MATEO (81)
6,83,SANTA BARBARA (83)
6,85,SANTA CLARA (85)
6,87,SANTA CRUZ (87)
6,89,SHASTA (89)
6,91,SIERRA (91)
6,93,SISKIYOU (93)
6,95,SOLANO (95)
6,97,SONOMA (97)
6,99,STANISLAUS (99)
6,101,SUTTER (101)
6,103,TEHAMA (103)
6,105,TRINITY (105)
6,107,TULARE (107)
6,109,TUOLUMNE (109)
6,111,VENTURA (111)
6,113,YOLO (113)
6,115,YUBA (115)
8,1,ADAMS (1)
8,3,ALAMOSA (3)
8,5,ARAPAHOE (5)
8,7,ARCHULETA (7)
8,9,BACA (9)
8,11,BENT (11)
8,13,BOULDER (13)
8,14,BROOMFIELD (14)
8,15,CHAFFEE (15)
8,17,CHEYENNE (17)
8,19,CLEAR CREEK (19)
8,21,CONEJOS (21)
8,23,COSTILLA (23)
8,27,CUSTER (27)
8,29,DELTA (29)
8,31,DENVER (31)
8,33,DOLORES (33)
8,35,DOUGLAS (35)
8,37,EAGLE (37)
8,39,ELBERT (39)
8,41,EL PASO (41)
8,43,FREMONT (43)
8,45,GARFIELD (45)
8,49,GRAND (49)
8,51,GUNNISON (51)
8,55,HUERFANO (55)
8,57,JACKSON (57)
8,59,JEFFERSON (59)
8,61,KIOWA (61)
8,63,KIT CARSON (63)
8,67,LA PLATA (67)
8,69,LARIMER (69)
8,71,LAS ANIMAS (71)
8,73,LINCOLN (73)
8,75,LOGAN (75)
8,77,MESA (77)
8,79,MINERAL (79)
8,81,MOFFAT (81)
8,83,MONTEZUMA (83)
8,85,MONTROSE (85)
8,87,MORGAN (87)
8,89,OTERO (89)
8,91,OURAY (91)
8,93,PARK (93)
8,95,PHILLIPS (95)
8,97,PITKIN (97)
8,99,PROWERS (99)
8,101,PUEBLO (101)
8,103,RIO BLANCO (103)
8,105,RIO GRANDE (105)
8,107,ROUTT (107)
8,109,SAGUACHE (109)
8,111,SAN JUAN (111)
8,113,SAN MIGUEL (113)
8,115,SEDGWICK (115)
8,117,SUMMIT (117)
8,121,WASHINGTON (121)
8,123,WELD (123)
8,125,YUMA (125)
9,1,FAIRFIELD (1)
9,3,HARTFORD (3)
9,5,LITCHFIELD (5)
9,7,MIDDLESEX (7)
9,9,NEW HAVEN (9)
9,11,NEW LONDON (11)
9,13,TOLLAND (13)
9,15,WINDHAM (15)
10,1,KENT (1)
10,3,NEW CASTLE (3)
10,5,SUSSEX (5)
11,1,DISTRICT OF COLUMBIA (1)
12,1,ALACHUA (1)
12,3,BAKER (3)
12,5,BAY (5)
12,7,BRADFORD (7)
12,9,BREVARD (9)
12,11,BROWARD (11)
12,13,CALHOUN (13)
12,15,CHARLOTTE (15)
12,17,CITRUS (17)
12,19,CLAY (19)
12,21,COLLIER (21)
12,23,COLUMBIA (23)
12,27,DE SOTO (27)
12,29,DIXIE (29)
12,31,DUVAL (31)
12,33,ESCAMBIA (33)
12,35,FLAGLER (35)
12,37,FRANKLIN (37)
12,39,GADSDEN (39)
12,41,GILCHRIST (41)
12,43,GLADES (43)
12,45,GULF (45)
12,47,HAMILTON (47)
12,49,HARDEE (49)
12,51,HENDRY (51)
12,53,HERNANDO (53)
12,55,HIGHLANDS (55)
12,57,HILLSBOROUGH (57)
12,59,HOLMES (59)
12,61,INDIAN RIVER (61)
12,63,JACKSON (63)
12,65,JEFFERSON (65)
12,67,LAFAYETTE (67)
12,69,LAKE (69)
12,71,LEE (71)
12,73,LEON (73)
12,75,LEVY (75)
12,79,MADISON (79)
12,81,MANATEE (81)
12,83,MARION (83)
12,85,MARTIN (85)
12,86,MIAMI-DADE (86)
12,87,MONROE (87)
12,89,NASSAU (89)
12,91,OKALOOSA (91)
12,93,OKEECHOBEE (93)
12,95,ORANGE (95)
12,97,OSCEOLA (97)
12,99,PALM BEACH (99)
12,101,PASCO (101)
12,103,PINELLAS (103)
12,105,POLK (105)
12,107,PUTNAM (107)
12,109,ST JOHNS (109)
12,111,ST LUCIE (111)
12,113,SANTA ROSA (113)
12,115,SARASOTA (115)
12,117,SEMINOLE (117)
12,119,SUMTER (119)
12,121,SUWANNEE (121)
12,123,TAYLOR (123)
12,125,UNION (125)
12,127,VOLUSIA (127)
12,129,WAKULLA (129)
12,131,WALTON (131)
12,133,WASHINGTON (133)
13,1,APPLING (1)
13,3,ATKINSON (3)
13,5,BACON (5)
13,7,BAKER (7)
13,9,BALDWIN (9)
13,11,BANKS (11)
13,13,BARROW (13)
13,15,BARTOW (15)
13,17,BEN HILL (17)
13,19,BERRIEN (19)
13,21,BIBB (21)
13,23,BLECKLEY (23)
13,25,BRANTLEY (25)
13,27,BROOKS (27)
13,29,BRYAN (29)
13,31,BULLOCH (31)
13,33,BURKE (33)
13,35,BUTTS (35)
13,39,CAMDEN (39)
13,43,CANDLER (43)
13,45,CARROLL (45)
13,47,CATOOSA (47)
13,49,CHARLTON (49)
13,51,CHATHAM (51)
13,53,CHATTAHOOCHEE (53)
13,55,CHATTOOGA (55)
13,57,CHEROKEE (57)
13,59,CLARKE (59)
13,61,CLAY (61)
13,63,CLAYTON (63)
13,65,CLINCH (65)
13,67,COBB (67)
13,69,COFFEE (69)
13,71,COLQUITT (71)
13,73,COLUMBIA (73)
13,75,COOK (75)
13,77,COWETA (77)
13,79,CRAWFORD (79)
13,81,CRISP (81)
13,83,DADE (83)
13,85,DAWSON (85)
13,87,DECATUR (87)
13,89,DEKALB (89)
13,91,DODGE (91)
13,93,DOOLY (93)
13,95,DOUGHERTY (95)
13,97,DOUGLAS (97)
13,99,EARLY (99)
13,101,ECHOLS (101)
13,103,EFFINGHAM (103)
13,105,ELBERT (105)
13,107,EMANUEL (107)
13,109,EVANS (109)
13,111,FANNIN (111)
13,113,FAYETTE (113)
13,115,FLOYD (115)
13,117,FORSYTH (117)
13,119,FRANKLIN (119)
13,121,FULTON (121)
13,123,GILMER (123)
13,127,GLYNN (127)
13,129,GORDON (129)
13,131,GRADY (131)
13,133,GREENE (133)
13,135,GWINNETT (135)
13,137,HABERSHAM (137)
13,139,HALL (139)
13,141,HANCOCK (141)
13,143,HARALSON (143)
13,145,HARRIS (145)
13,147,HART (147)
13,149,HEARD (149)
13,151,HENRY (151)
13,153,HOUSTON (153)
13,155,IRWIN (155)
13,157,JACKSON (157)
13,159,JASPER (159)
13,161,JEFF DAVIS (161)
13,163,JEFFERSON (163)
13,165,JENKINS (165)
13,169,JONES (169)
13,171,LAMAR (171)
13,175,LAURENS (175)
13,177,LEE (177)
13,179,LIBERTY (179)
13,181,LINCOLN (181)
13,183,LONG (183)
13,185,LOWNDES (185)
13,187,LUMPKIN (187)
13,189,MCDUFFIE (189)
13,191,MCINTOSH (191)
13,193,MACON (193)
13,195,MADISON (195)
13,197,MARION (197)
13,199,MERIWETHER (199)
13,201,MILLER (201)
13,205,MITCHELL (205)
13,207,MONROE (207)
13,209,MONTGOMERY (209)
13,211,MORGAN (211)
13,213,MURRAY (213)
13,215,MUSCOGEE (215)
13,217,NEWTON (217)
13,219,OCONEE (219)
13,221,OGLETHORPE (221)
13,223,PAULDING (223)
13,225,PEACH (225)
13,227,PICKENS (227)
13,229,PIERCE (229)
13,231,PIKE (231)
13,233,POLK (233)
13,235,PULASKI (235)
13,237,PUTNAM (237)
13,241,RABUN (241)
13,243,RANDOLPH (243)
13,245,RICHMOND (245)
13,247,ROCKDALE (247)
13,253,SEMINOLE (253)
13,255,SPALDING (255)
13,257,STEPHENS (257)
13,259,STEWART (259)
13,261,SUMTER (261)
13,263,TALBOT (263)
13,265,TALIAFERRO (265)
13,267,TATTNALL (267)
13,269,TAYLOR (269)
13,271,TELFAIR (271)
13,273,TERRELL (273)
13,275,THOMAS (275)
13,277,TIFT (277)
13,279,TOOMBS (279)
13,281,TOWNS (281)
13,283,TREUTLEN (283)
13,285,TROUP (285)
13,287,TURNER (287)
13,289,TWIGGS (289)
13,291,UNION (291)
13,293,UPSON (293)
13,295,WALKER (295)
13,297,WALTON (297)
13,299,WARE (299)
13,301,WARREN (301)
13,303,WASHINGTON (303)
13,305,WAYNE (305)
13,307,WEBSTER (307)
13,309,WHEELER (309)
13,311,WHITE (311)
13,313,WHITFIELD (313)
13,315,WILCOX (315)
13,319,WILKINSON (319)
13,321,WORTH (321)
15,1,HAWAII (1)
15,3,HONOLULU (3)
15,7,KAUAI (7)
15,9,MAUI (9)
16,1,ADA (1)
16,3,ADAMS (3)
16,5,BANNOCK (5)
16,7,BEAR LAKE (7)
16,9,BENEWAH (9)
16,11,BINGHAM (11)
16,13,BLAINE (13)
16,15,BOISE (15)
16,17,BONNER (17)
16,19,BONNEVILLE (19)
16,21,BOUNDARY (21)
16,27,CANYON (27)
16,31,CASSIA (31)
16,33,CLARK (33)
16,35,CLEARWATER (35)
16,37,CUSTER (37)
16,39,ELMORE (39)
16,41,FRANKLIN (41)
16,43,FREMONT (43)
16,45,GEM (45)
16,47,GOODING (47)
16,49,IDAHO (49)
16,51,JEFFERSON (51)
16,53,JEROME (53)
16,55,KOOTENAI (55)
16,57,LATAH (57)
16,61,LEWIS (61)
16,63,LINCOLN (63)
16,65,MADISON (65)
16,67,MINIDOKA (67)
16,69,NEZ PERCE (69)
16,71,ONEIDA (71)
16,73,OWYHEE (73)
16,75,PAYETTE (75)
16,77,POWER (77)
16,79,SHOSHONE (79)
16,81,TETON (81)
16,83,TWIN FALLS (83)
16,85,VALLEY (85)
16,87,WASHINGTON (87)
17,1,ADAMS (1)
17,3,ALEXANDER (3)
17,5,BOND (5)
17,7,BOONE (7)
17,9,BROWN (9)
17,11,BUREAU (11)
17,15,CARROLL (15)
17,17,CASS (17)
17,19,CHAMPAIGN (19)
17,21,CHRISTIAN (21)
17,23,CLARK (23)
17,25,CLAY (25)
17,27,CLINTON (27)
17,29,COLES (29)
17,31,COOK (31)
17,33,CRAWFORD (33)
17,35,CUMBERLAND (35)
17,37,DEKALB (37)
17,39,DE WITT (39)
17,41,DOUGLAS (41)
17,43,DUPAGE (43)
17,45,EDGAR (45)
17,47,EDWARDS (47)
17,49,EFFINGHAM (49)
17,51,FAYETTE (51)
17,53,FORD (53)
17,55,FRANKLIN (55)
17,57,FULTON (57)
17,59,GALLATIN (59)
17,61,GREENE (61)
17,63,GRUNDY (63)
17,65,HAMILTON (65)
17,67,HANCOCK (67)
17,71,HENDERSON (71)
17,73,HENRY (73)
17,75,IROQUOIS (75)
17,77,JACKSON (77)
17,79,JASPER (79)
17,81,JEFFERSON (81)
17,83,JERSEY (83)
17,87,JOHNSON (87)
17,89,KANE (89)
17,91,KANKAKEE (91)
17,93,KENDALL (93)
17,95,KNOX (95)
17,97,LAKE (97)
17,99,LASALLE (99)
17,101,LAWRENCE (101)
17,105,LIVINGSTON (105)
17,107,LOGAN (107)
17,111,MCHENRY (111)
17,113,MCLEAN (113)
17,115,MACON (115)
17,117,MACOUPIN (117)
17,119,MADISON (119)
17,121,MARION (121)
17,123,MARSHALL (123)
17,125,MASON (125)
17,127,MASSAC (127)
17,129,MENARD (129)
17,131,MERCER (131)
17,133,MONROE (133)
17,135,MONTGOMERY (135)
17,137,MORGAN (137)
17,139,MOULTRIE (139)
17,141,OGLE (141)
17,143,PEORIA (143)
17,145,PERRY (145)
17,147,PIATT (147)
17,149,PIKE (149)
17,151,POPE (151)
17,153,PULASKI (153)
17,155,PUTNAM (155)
17,157,RANDOLPH (157)
17,159,RICHLAND (159)
17,161,ROCK ISLAND (161)
17,163,ST. CLAIR (163)
17,165,SALINE (165)
17,167,SANGAMON (167)
17,169,SCHUYLER (169)
17,171,SCOTT (171)
17,173,SHELBY (173)
17,175,STARK (175)
17,177,STEPHENSON (177)
17,179,TAZEWELL (179)
17,181,UNION (181)
17,183,VERMILION (183)
17,185,WABASH (185)
17,189,WASHINGTON (189)
17,191,WAYNE (191)
17,193,WHITE (193)
17,195,WHITESIDE (195)
17,197,WILL (197)
17,199,WILLIAMSON (199)
17,201,WINNEBAGO (201)
17,203,WOODFORD (203)
18,1,ADAMS (1)
18,3,ALLEN (3)
18,5,BARTHOLOMEW (5)
18,7,BENTON (7)
18,9,BLACKFORD (9)
18,11,BOONE (11)
18,13,BROWN (13)
18,15,CARROLL (15)
18,17,CASS (17)
18,19,CLARK (19)
18,21,CLAY (21)
18,23,CLINTON (23)
18,25,CRAWFORD (25)
18,27,DAVIESS (27)
18,29,DEARBORN (29)
18,31,DECATUR (31)
18,33,DEKALB (33)
18,35,DELAWARE (35)
18,37,DUBOIS (37)
18,39,ELKHART (39)
18,41,FAYETTE (41)
18,43,FLOYD (43)
18,45,FOUNTAIN (45)
18,47,FRANKLIN (47)
18,49,FULTON (49)
18,51,GIBSON (51)
18,53,GRANT (53)
18,55,GREENE (55)
18,57,HAMILTON (57)
18,59,HANCOCK (59)
18,61,HARRISON (61)
18,63,HENDRICKS (63)
18,65,HENRY (65)
18,67,HOWARD (67)
18,69,HUNTINGTON (69)
18,71,JACKSON (71)
18,73,JASPER (73)
18,75,JAY (75)
18,77,JEFFERSON (77)
18,79,JENNINGS (79)
18,81,JOHNSON (81)
18,83,KNOX (83)
18,85,KOSCIUSKO (85)
18,87,LAGRANGE (87)
18,89,LAKE (89)
18,91,LA PORTE (91)
18,93,LAWRENCE (93)
18,95,MADISON (95)
18,97,MARION (97)
18,99,MARSHALL (99)
18,101,MARTIN (101)
18,103,MIAMI (103)
18,105,MONROE (105)
18,107,MONTGOMERY (107)
18,109,MORGAN (109)
18,111,NEWTON (111)
18,113,NOBLE (113)
18,117,ORANGE (117)
18,119,OWEN (119)
18,121,PARKE (121)
18,123,PERRY (123)
18,125,PIKE (125)
18,127,PORTER (127)
18,129,POSEY (129)
18,131,PULASKI (131)
18,133,PUTNAM (133)
18,135,RANDOLPH (135)
18,137,RIPLEY (137)
18,139,RUSH (139)
18,141,ST JOSEPH (141)
18,143,SCOTT (143)
18,145,SHELBY (145)
18,147,SPENCER (147)
18,149,STARKE (149)
18,151,STEUBEN (151)
18,153,SULLIVAN (153)
18,157,TIPPECANOE (157)
18,159,TIPTON (159)
18,161,UNION (161)
18,163,VANDERBURGH (163)
18,165,VERMILLION (165)
18,167,VIGO (167)
18,169,WABASH (169)
18,173,WARRICK (173)
18,175,WASHINGTON (175)
18,177,WAYNE (177)
18,179,WELLS (179)
18,181,WHITE (181)
18,183,WHITLEY (183)
19,5,ALLAMAKEE (5)
19,9,AUDUBON (9)
19,11,BENTON (11)
19,13,BLACK HAWK (13)
19,15,BOONE (15)
19,19,BUCHANAN (19)
19,21,BUENA VISTA (21)
19,23,BUTLER (23)
19,25,CALHOUN (25)
19,27,CARROLL (27)
19,29,CASS (29)
19,31,CEDAR (31)
19,33,CERRO GORDO (33)
19,37,CHICKASAW (37)
19,39,CLARKE (39)
19,41,CLAY (41)
19,43,CLAYTON (43)
19,45,CLINTON (45)
19,47,CRAWFORD (47)
19,49,DALLAS (49)
19,51,DAVIS (51)
19,53,DECATUR (53)
19,55,DELAWARE (55)
19,57,DES MOINES (57)
19,59,DICKINSON (59)
19,61,DUBUQUE (61)
19,65,FAYETTE (65)
19,67,FLOYD (67)
19,69,FRANKLIN (69)
19,71,FREMONT (71)
19,73,GREENE (73)
19,77,GUTHRIE (77)
19,79,HAMILTON (79)
19,81,HANCOCK (81)
19,83,HARDIN (83)
19,87,HENRY (87)
19,91,HUMBOLDT (91)
19,93,IDA (93)
19,95,IOWA (95)
19,97,JACKSON (97)
19,99,JASPER (99)
19,101,JEFFERSON (101)
19,103,JOHNSON (103)
19,105,JONES (105)
19,107,KEOKUK (107)
19,109,KOSSUTH (109)
19,111,LEE (111)
19,113,LINN (113)
19,117,LUCAS (117)
19,119,LYON (119)
19,121,MADISON (121)
19,123,MAHASKA (123)
19,125,MARION (125)
19,127,MARSHALL (127)
19,129,MILLS (129)
19,131,MITCHELL (131)
19,133,MONONA (133)
19,135,MONROE (135)
19,137,MONTGOMERY (137)
19,139,MUSCATINE (139)
19,141,O BRIEN (141)
19,145,PAGE (145)
19,147,PALO ALTO (147)
19,149,PLYMOUTH (149)
19,153,POLK (153)
19,155,POTTAWATTAMIE (155)
19,157,POWESHIEK (157)
19,159,RINGGOLD (159)
19,161,SAC (161)
19,163,SCOTT (163)
19,165,SHELBY (165)
19,167,SIOUX (167)
19,169,STORY (169)
19,171,TAMA (171)
19,175,UNION (175)
19,177,VAN BUREN (177)
19,179,WAPELLO (179)
19,181,WARREN (181)
19,183,WASHINGTON (183)
19,185,WAYNE (185)
19,187,WEBSTER (187)
19,189,WINNEBAGO (189)
19,191,WINNESHIEK (191)
19,193,WOODBURY (193)
19,195,WORTH (195)
19,197,WRIGHT (197)
20,1,ALLEN (1)
20,5,ATCHISON (5)
20,9,BARTON (9)
20,11,BOURBON (11)
20,13,BROWN (13)
20,15,BUTLER (15)
20,21,CHEROKEE (21)
20,23,CHEYENNE (23)
20,27,CLAY (27)
20,29,CLOUD (29)
20,31,COFFEY (31)
20,35,COWLEY (35)
20,37,CRAWFORD (37)
20,41,DICKINSON (41)
20,43,DONIPHAN (43)
20,45,DOUGLAS (45)
20,47,EDWARDS (47)
20,51,ELLIS (51)
20,55,FINNEY (55)
20,57,FORD (57)
20,59,FRANKLIN (59)
20,61,GEARY (61)
20,63,GOVE (63)
20,65,GRAHAM (65)
20,69,GRAY (69)
20,77,HARPER (77)
20,79,HARVEY (79)
20,85,JACKSON (85)
20,87,JEFFERSON (87)
20,91,JOHNSON (91)
20,95,KINGMAN (95)
20,97,KIOWA (97)
20,99,LABETTE (99)
20,103,LEAVENWORTH (103)
20,111,LYON (111)
20,113,MCPHERSON (113)
20,115,MARION (115)
20,117,MARSHALL (117)
20,119,MEADE (119)
20,121,MIAMI (121)
20,125,MONTGOMERY (125)
20,127,MORRIS (127)
20,129,MORTON (129)
20,131,NEMAHA (131)
20,133,NEOSHO (133)
20,135,NESS (135)
20,137,NORTON (137)
20,139,OSAGE (139)
20,147,PHILLIPS (147)
20,149,POTTAWATOMIE (149)
20,151,PRATT (151)
20,153,RAWLINS (153)
20,155,RENO (155)
20,157,REPUBLIC (157)
20,159,RICE (159)
20,161,RILEY (161)
20,165,RUSH (165)
20,169,SALINE (169)
20,173,SEDGWICK (173)
20,175,SEWARD (175)
20,177,SHAWNEE (177)
20,179,SHERIDAN (179)
20,181,SHERMAN (181)
20,183,SMITH (183)
20,189,STEVENS (189)
20,191,SUMNER (191)
20,193,THOMAS (193)
20,197,WABAUNSEE (197)
20,201,WASHINGTON (201)
20,205,WILSON (205)
20,207,WOODSON (207)
20,209,WYANDOTTE (209)
21,1,ADAIR (1)
21,3,ALLEN (3)
21,5,ANDERSON (5)
21,7,BALLARD (7)
21,9,BARREN (9)
21,11,BATH (11)
21,13,BELL (13)
21,15,BOONE (15)
21,17,BOURBON (17)
21,19,BOYD (19)
21,21,BOYLE (21)
21,25,BREATHITT (25)
21,27,BRECKINRIDGE (27)
21,29,BULLITT (29)
21,31,BUTLER (31)
21,33,CALDWELL (33)
21,35,CALLOWAY (35)
21,37,CAMPBELL (37)
21,41,CARROLL (41)
21,43,CARTER (43)
21,45,CASEY (45)
21,47,CHRISTIAN (47)
21,49,CLARK (49)
21,51,CLAY (51)
21,53,CLINTON (53)
21,55,CRITTENDEN (55)
21,59,DAVIESS (59)
21,61,EDMONSON (61)
21,63,ELLIOTT (63)
21,65,ESTILL (65)
21,67,FAYETTE (67)
21,69,FLEMING (69)
21,71,FLOYD (71)
21,73,FRANKLIN (73)
21,77,GALLATIN (77)
21,79,GARRARD (79)
21,81,GRANT (81)
21,83,GRAVES (83)
21,85,GRAYSON (85)
21,87,GREEN (87)
21,89,GREENUP (89)
21,91,HANCOCK (91)
21,93,HARDIN (93)
21,95,HARLAN (95)
21,97,HARRISON (97)
21,99,HART (99)
21,101,HENDERSON (101)
21,103,HENRY (103)
21,107,HOPKINS (107)
21,109,JACKSON (109)
21,111,JEFFERSON (111)
21,113,JESSAMINE (113)
21,115,JOHNSON (115)
21,117,KENTON (117)
21,119,KNOTT (119)
21,121,KNOX (121)
21,123,LARUE (123)
21,125,LAUREL (125)
21,127,LAWRENCE (127)
21,129,LEE (129)
21,131,LESLIE (131)
21,133,LETCHER (133)
21,135,LEWIS (135)
21,137,LINCOLN (137)
21,139,LIVINGSTON (139)
21,141,LOGAN (141)
21,143,LYON (143)
21,145,MCCRACKEN (145)
21,147,MCCREARY (147)
21,149,MCLEAN (149)
21,151,MADISON (151)
21,153,MAGOFFIN (153)
21,155,MARION (155)
21,157,MARSHALL (157)
21,159,MARTIN (159)
21,161,MASON (161)
21,163,MEADE (163)
21,165,MENIFEE (165)
21,167,MERCER (167)
21,171,MONROE (171)
21,173,MONTGOMERY (173)
21,175,MORGAN (175)
21,177,MUHLENBERG (177)
21,179,NELSON (179)
21,181,NICHOLAS (181)
21,183,OHIO (183)
21,185,OLDHAM (185)
21,187,OWEN (187)
21,189,OWSLEY (189)
21,191,PENDLETON (191)
21,193,PERRY (193)
21,195,PIKE (195)
21,197,POWELL (197)
21,199,PULASKI (199)
21,201,ROBERTSON (201)
21,203,ROCKCASTLE (203)
21,205,ROWAN (205)
21,207,RUSSELL (207)
21,209,SCOTT (209)
21,211,SHELBY (211)
21,213,SIMPSON (213)
21,215,SPENCER (215)
21,217,TAYLOR (217)
21,219,TODD (219)
21,221,TRIGG (221)
21,223,TRIMBLE (223)
21,225,UNION (225)
21,227,WARREN (227)
21,229,WASHINGTON (229)
21,231,WAYNE (231)
21,233,WEBSTER (233)
21,235,WHITLEY (235)
21,237,WOLFE (237)
21,239,WOODFORD (239)
22,1,ACADIA (1)
22,3,ALLEN (3)
22,5,ASCENSION (5)
22,7,ASSUMPTION (7)
22,9,AVOYELLES (9)
22,11,BEAUREGARD (11)
22,13,BIENVILLE (13)
22,15,BOSSIER (15)
22,17,CADDO (17)
22,19,CALCASIEU (19)
22,23,CAMERON (23)
22,25,CATAHOULA (25)
22,27,CLAIBORNE (27)
22,29,CONCORDIA (29)
22,33,EAST BATON ROUGE (33)
22,35,EAST CARROLL (35)
22,37,EAST FELICIANA (37)
22,39,EVANGELINE (39)
22,41,FRANKLIN (41)
22,43,GRANT (43)
22,45,IBERIA (45)
22,47,IBERVILLE (47)
22,49,JACKSON (49)
22,51,JEFFERSON (51)
22,53,JEFFERSON DAVIS (53)
22,55,LAFAYETTE (55)
22,57,LAFOURCHE (57)
22,59,LA SALLE (59)
22,61,LINCOLN (61)
22,63,LIVINGSTON (63)
22,65,MADISON (65)
22,67,MOREHOUSE (67)
22,69,NATCHITOCHES (69)
22,71,ORLEANS (71)
22,73,OUACHITA (73)
22,75,PLAQUEMINES (75)
22,77,POINTE COUPEE (77)
22,79,RAPIDES (79)
22,81,RED RIVER (81)
22,83,RICHLAND (83)
22,85,SABINE (85)
22,87,ST. BERNARD (87)
22,89,ST. CHARLES (89)
22,91,ST. HELENA (91)
22,93,ST. JAMES (93)
22,95,ST. JOHN THE BAPTIST (95)
22,97,ST. LANDRY (97)
22,99,ST. MARTIN (99)
22,101,ST. MARY (101)
22,103,ST. TAMMANY (103)
22,105,TANGIPAHOA (105)
22,109,TERREBONNE (109)
22,111,UNION (111)
22,113,VERMILION (113)
22,115,VERNON (115)
22,117,WASHINGTON (117)
22,119,WEBSTER (119)
22,121,WEST BATON ROUGE (121)
22,123,WEST CARROLL (123)
22,125,WEST FELICIANA (125)
22,127,WINN (127)
22,997,OTHER (997)
23,1,ANDROSCOGGIN (1)
23,3,AROOSTOOK (3)
23,5,CUMBERLAND (5)
23,7,FRANKLIN (7)
23,9,HANCOCK (9)
23,11,KENNEBEC (11)
23,13,KNOX (13)
23,15,LINCOLN (15)
23,17,OXFORD (17)
23,19,PENOBSCOT (19)
23,21,PISCATAQUIS (21)
23,23,SAGADAHOC (23)
23,25,SOMERSET (25)
23,27,WALDO (27)
23,29,WASHINGTON (29)
23,31,YORK (31)
24,1,ALLEGANY (1)
24,3,ANNE ARUNDEL (3)
24,5,BALTIMORE (5)
24,9,CALVERT (9)
24,11,CAROLINE (11)
24,13,CARROLL (13)
24,15,CECIL (15)
24,17,CHARLES (17)
24,19,DORCHESTER (19)
24,21,FREDERICK (21)
24,23,GARRETT (23)
24,25,HARFORD (25)
24,27,HOWARD (27)
24,31,MONTGOMERY (31)
24,33,PRINCE GEORGE`S (33)
24,35,QUEEN ANNE`S (35)
24,37,ST. MARY`S (37)
24,39,SOMERSET (39)
24,41,TALBOT (41)
24,43,WASHINGTON (43)
24,45,WICOMICO (45)
24,47,WORCESTER (47)
24,510,BALTIMORE (CITY) (510)
25,1,BARNSTABLE (1)
25,3,BERKSHIRE (3)
25,5,BRISTOL (5)
25,7,DUKES (7)
25,9,ESSEX (9)
25,11,FRANKLIN (11)
25,13,HAMPDEN (13)
25,15,HAMPSHIRE (15)
25,17,MIDDLESEX (17)
25,19,NANTUCKET (19)
25,21,NORFOLK (21)
25,23,PLYMOUTH (23)
25,25,SUFFOLK (25)
25,27,WORCESTER (27)
26,1,ALCONA (1)
26,5,ALLEGAN (5)
26,7,ALPENA (7)
26,9,ANTRIM (9)
26,11,ARENAC (11)
26,15,BARRY (15)
26,17,BAY (17)
26,19,BENZIE (19)
26,21,BERRIEN (21)
26,23,BRANCH (23)
26,25,CALHOUN (25)
26,27,CASS (27)
26,29,CHARLEVOIX (29)
26,33,CHIPPEWA (33)
26,35,CLARE (35)
26,37,CLINTON (37)
26,39,CRAWFORD (39)
26,41,DELTA (41)
26,43,DICKINSON (43)
26,45,EATON (45)
26,47,EMMET (47)
26,49,GENESEE (49)
26,51,GLADWIN (51)
26,53,GOGEBIC (53)
26,55,GRAND TRAVERSE (55)
26,57,GRATIOT (57)
26,59,HILLSDALE (59)
26,61,HOUGHTON (61)
26,63,HURON (63)
26,65,INGHAM (65)
26,67,IONIA (67)
26,69,IOSCO (69)
26,71,IRON (71)
26,73,ISABELLA (73)
26,75,JACKSON (75)
26,77,KALAMAZOO (77)
26,79,KALKASKA (79)
26,81,KENT (81)
26,85,LAKE (85)
26,87,LAPEER (87)
26,89,LEELANAU (89)
26,91,LENAWEE (91)
26,93,LIVINGSTON (93)
26,97,MACKINAC (97)
26,99,MACOMB (99)
26,101,MANISTEE (101)
26,103,MARQUETTE (103)
26,105,MASON (105)
26,107,MECOSTA (107)
26,109,MENOMINEE (109)
26,111,MIDLAND (111)
26,115,MONROE (115)
26,117,MONTCALM (117)
26,119,MONTMORENCY (119)
26,121,MUSKEGON (121)
26,123,NEWAYGO (123)
26,125,OAKLAND (125)
26,127,OCEANA (127)
26,129,OGEMAW (129)
26,131,ONTONAGON (131)
26,133,OSCEOLA (133)
26,135,OSCODA (135)
26,137,OTSEGO (137)
26,139,OTTAWA (139)
26,143,ROSCOMMON (143)
26,145,SAGINAW (145)
26,147,ST. CLAIR (147)
26,149,ST JOSEPH (149)
26,151,SANILAC (151)
26,153,SCHOOLCRAFT (153)
26,155,SHIAWASSEE (155)
26,157,TUSCOLA (157)
26,159,VAN BUREN (159)
26,161,WASHTENAW (161)
26,163,WAYNE (163)
26,165,WEXFORD (165)
27,1,AITKIN (1)
27,3,ANOKA (3)
27,5,BECKER (5)
27,7,BELTRAMI (7)
27,9,BENTON (9)
27,13,BLUE EARTH (13)
27,15,BROWN (15)
27,17,CARLTON (17)
27,19,CARVER (19)
27,21,CASS (21)
27,23,CHIPPEWA (23)
27,25,CHISAGO (25)
27,27,CLAY (27)
27,29,CLEARWATER (29)
27,31,COOK (31)
27,33,COTTONWOOD (33)
27,35,CROW WING (35)
27,37,DAKOTA (37)
27,39,DODGE (39)
27,41,DOUGLAS (41)
27,43,FARIBAULT (43)
27,45,FILLMORE (45)
27,47,FREEBORN (47)
27,49,GOODHUE (49)
27,53,HENNEPIN (53)
27,55,HOUSTON (55)
27,57,HUBBARD (57)
27,59,ISANTI (59)
27,61,ITASCA (61)
27,63,JACKSON (63)
27,65,KANABEC (65)
27,67,KANDIYOHI (67)
27,71,KOOCHICHING (71)
27,73,LAC QUI PARLE (73)
27,75,LAKE (75)
27,79,LE SUEUR (79)
27,81,LINCOLN (81)
27,83,LYON (83)
27,85,MCLEOD (85)
27,87,MAHNOMEN (87)
27,91,MARTIN (91)
27,93,MEEKER (93)
27,95,MILLE LACS (95)
27,97,MORRISON (97)
27,99,MOWER (99)
27,101,MURRAY (101)
27,103,NICOLLET (103)
27,105,NOBLES (105)
27,107,NORMAN (107)
27,109,OLMSTED (109)
27,111,OTTER TAIL (111)
27,113,PENNINGTON (113)
27,115,PINE (115)
27,119,POLK (119)
27,121,POPE (121)
27,123,RAMSEY (123)
27,125,RED LAKE (125)
27,127,REDWOOD (127)
27,129,RENVILLE (129)
27,131,RICE (131)
27,133,ROCK (133)
27,135,ROSEAU (135)
27,137,ST LOUIS (137)
27,139,SCOTT (139)
27,141,SHERBURNE (141)
27,145,STEARNS (145)
27,147,STEELE (147)
27,149,STEVENS (149)
27,153,TODD (153)
27,155,TRAVERSE (155)
27,157,WABASHA (157)
27,159,WADENA (159)
27,161,WASECA (161)
27,163,WASHINGTON (163)
27,165,WATONWAN (165)
27,167,WILKIN (167)
27,169,WINONA (169)
27,171,WRIGHT (171)
27,173,YELLOW MEDICINE (173)
28,1,ADAMS (1)
28,3,ALCORN (3)
28,5,AMITE (5)
28,7,ATTALA (7)
28,9,BENTON (9)
28,11,BOLIVAR (11)
28,13,CALHOUN (13)
28,17,CHICKASAW (17)
28,19,CHOCTAW (19)
28,21,CLAIBORNE (21)
28,23,CLARKE (23)
28,25,CLAY (25)
28,27,COAHOMA (27)
28,29,COPIAH (29)
28,31,COVINGTON (31)
28,33,DE SOTO (33)
28,35,FORREST (35)
28,39,GEORGE (39)
28,41,GREENE (41)
28,43,GRENADA (43)
28,45,HANCOCK (45)
28,47,HARRISON (47)
28,49,HINDS (49)
28,51,HOLMES (51)
28,53,HUMPHREYS (53)
28,55,ISSAQUENA (55)
28,57,ITAWAMBA (57)
28,59,JACKSON (59)
28,61,JASPER (61)
28,63,JEFFERSON (63)
28,65,JEFFERSON DAVIS (65)
28,67,JONES (67)
28,69,KEMPER (69)
28,71,LAFAYETTE (71)
28,73,LAMAR (73)
28,75,LAUDERDALE (75)
28,77,LAWRENCE (77)
28,79,LEAKE (79)
28,81,LEE (81)
28,83,LEFLORE (83)
28,85,LINCOLN (85)
28,87,LOWNDES (87)
28,89,MADISON (89)
28,91,MARION (91)
28,93,MARSHALL (93)
28,95,MONROE (95)
28,97,MONTGOMERY (97)
28,99,NESHOBA (99)
28,101,NEWTON (101)
28,103,NOXUBEE (103)
28,105,OKTIBBEHA (105)
28,107,PANOLA (107)
28,109,PEARL RIVER (109)
28,111,PERRY (111)
28,113,PIKE (113)
28,115,PONTOTOC (115)
28,117,PRENTISS (117)
28,119,QUITMAN (119)
28,121,RANKIN (121)
28,123,SCOTT (123)
28,125,SHARKEY (125)
28,127,SIMPSON (127)
28,129,SMITH (129)
28,131,STONE (131)
28,133,SUNFLOWER (133)
28,135,TALLAHATCHIE (135)
28,137,TATE (137)
28,139,TIPPAH (139)
28,141,TISHOMINGO (141)
28,143,TUNICA (143)
28,145,UNION (145)
28,147,WALTHALL (147)
28,149,WARREN (149)
28,151,WASHINGTON (151)
28,153,WAYNE (153)
28,155,WEBSTER (155)
28,157,WILKINSON (157)
28,159,WINSTON (159)
28,161,YALOBUSHA (161)
28,163,YAZOO (163)
29,1,ADAIR (1)
29,3,ANDREW (3)
29,5,ATCHISON (5)
29,7,AUDRAIN (7)
29,9,BARRY (9)
29,11,BARTON (11)
29,13,BATES (13)
29,15,BENTON (15)
29,17,BOLLINGER (17)
29,19,BOONE (19)
29,21,BUCHANAN (21)
29,23,BUTLER (23)
29,25,CALDWELL (25)
29,27,CALLAWAY (27)
29,29,CAMDEN (29)
29,31,CAPE GIRARDEAU (31)
29,33,CARROLL (33)
29,37,CASS (37)
29,39,CEDAR (39)
29,41,CHARITON (41)
29,43,CHRISTIAN (43)
29,45,CLARK (45)
29,47,CLAY (47)
29,49,CLINTON (49)
29,51,COLE (51)
29,53,COOPER (53)
29,55,CRAWFORD (55)
29,57,DADE (57)
29,59,DALLAS (59)
29,61,DAVIESS (61)
29,63,DEKALB (63)
29,65,DENT (65)
29,67,DOUGLAS (67)
29,69,DUNKLIN (69)
29,71,FRANKLIN (71)
29,73,GASCONADE (73)
29,77,GREENE (77)
29,79,GRUNDY (79)
29,81,HARRISON (81)
29,83,HENRY (83)
29,85,HICKORY (85)
29,87,HOLT (87)
29,89,HOWARD (89)
29,91,HOWELL (91)
29,93,IRON (93)
29,95,JACKSON (95)
29,97,JASPER (97)
29,99,JEFFERSON (99)
29,101,JOHNSON (101)
29,105,LACLEDE (105)
29,107,LAFAYETTE (107)
29,109,LAWRENCE (109)
29,111,LEWIS (111)
29,113,LINCOLN (113)
29,115,LINN (115)
29,117,LIVINGSTON (117)
29,119,MCDONALD (119)
29,121,MACON (121)
29,123,MADISON (123)
29,125,MARIES (125)
29,127,MARION (127)
29,129,MERCER (129)
29,131,MILLER (131)
29,133,MISSISSIPPI (133)
29,135,MONITEAU (135)
29,137,MONROE (137)
29,139,MONTGOMERY (139)
29,141,MORGAN (141)
29,143,NEW MADRID (143)
29,145,NEWTON (145)
29,149,OREGON (149)
29,151,OSAGE (151)
29,153,OZARK (153)
29,155,PEMISCOT (155)
29,157,PERRY (157)
29,159,PETTIS (159)
29,161,PHELPS (161)
29,163,PIKE (163)
29,165,PLATTE (165)
29,167,POLK (167)
29,169,PULASKI (169)
29,173,RALLS (173)
29,175,RANDOLPH (175)
29,177,RAY (177)
29,179,REYNOLDS (179)
29,181,RIPLEY (181)
29,183,ST. CHARLES (183)
29,185,ST. CLAIR (185)
29,186,STE GENEVIEVE (186)
29,187,ST FRANCOIS (187)
29,189,ST LOUIS (189)
29,199,SCOTLAND (199)
29,201,SCOTT (201)
29,203,SHANNON (203)
29,205,SHELBY (205)
29,207,STODDARD (207)
29,209,STONE (209)
29,211,SULLIVAN (211)
29,213,TANEY (213)
29,215,TEXAS (215)
29,217,VERNON (217)
29,219,WARREN (219)
29,221,WASHINGTON (221)
29,223,WAYNE (223)
29,225,WEBSTER (225)
29,229,WRIGHT (229)
29,510,ST. LOUIS (CITY) (510)
30,1,BEAVERHEAD (1)
30,3,BIG HORN (3)
30,5,BLAINE (5)
30,7,BROADWATER (7)
30,9,CARBON (9)
30,13,CASCADE (13)
30,15,CHOUTEAU (15)
30,17,CUSTER (17)
30,23,DEER LODGE (23)
30,29,FLATHEAD (29)
30,31,GALLATIN (31)
30,33,GARFIELD (33)
30,35,GLACIER (35)
30,37,GOLDEN VALLEY (37)
30,39,GRANITE (39)
30,41,HILL (41)
30,43,JEFFERSON (43)
30,47,LAKE (47)
30,49,LEWIS AND CLARK (49)
30,53,LINCOLN (53)
30,57,MADISON (57)
30,59,MEAGHER (59)
30,61,MINERAL (61)
30,63,MISSOULA (63)
30,65,MUSSELSHELL (65)
30,67,PARK (67)
30,71,PHILLIPS (71)
30,73,PONDERA (73)
30,81,RAVALLI (81)
30,85,ROOSEVELT (85)
30,87,ROSEBUD (87)
30,89,SANDERS (89)
30,93,SILVER BOW (93)
30,95,STILLWATER (95)
30,97,SWEET GRASS (97)
30,99,TETON (99)
30,103,TREASURE (103)
30,111,YELLOWSTONE (111)
31,1,ADAMS (1)
31,3,ANTELOPE (3)
31,5,ARTHUR (5)
31,7,BANNER (7)
31,11,BOONE (11)
31,13,BOX BUTTE (13)
31,19,BUFFALO (19)
31,23,BUTLER (23)
31,25,CASS (25)
31,27,CEDAR (27)
31,31,CHERRY (31)
31,33,CHEYENNE (33)
31,35,CLAY (35)
31,37,COLFAX (37)
31,39,CUMING (39)
31,41,CUSTER (41)
31,43,DAKOTA (43)
31,47,DAWSON (47)
31,49,DEUEL (49)
31,51,DIXON (51)
31,53,DODGE (53)
31,55,DOUGLAS (55)
31,57,DUNDY (57)
31,59,FILLMORE (59)
31,63,FRONTIER (63)
31,67,GAGE (67)
31,73,GOSPER (73)
31,79,HALL (79)
31,81,HAMILTON (81)
31,87,HITCHCOCK (87)
31,95,JEFFERSON (95)
31,99,KEARNEY (99)
31,101,KEITH (101)
31,105,KIMBALL (105)
31,107,KNOX (107)
31,109,LANCASTER (109)
31,111,LINCOLN (111)
31,119,MADISON (119)
31,121,MERRICK (121)
31,123,MORRILL (123)
31,127,NEMAHA (127)
31,131,OTOE (131)
31,137,PHELPS (137)
31,139,PIERCE (139)
31,141,PLATTE (141)
31,143,POLK (143)
31,151,SALINE (151)
31,153,SARPY (153)
31,155,SAUNDERS (155)
31,157,SCOTTS BLUFF (157)
31,159,SEWARD (159)
31,161,SHERIDAN (161)
31,165,SIOUX (165)
31,171,THOMAS (171)
31,173,THURSTON (173)
31,177,WASHINGTON (177)
31,179,WAYNE (179)
31,185,YORK (185)
32,3,CLARK (3)
32,5,DOUGLAS (5)
32,7,ELKO (7)
32,9,ESMERALDA (9)
32,11,EUREKA (11)
32,13,HUMBOLDT (13)
32,15,LANDER (15)
32,17,LINCOLN (17)
32,19,LYON (19)
32,21,MINERAL (21)
32,23,NYE (23)
32,27,PERSHING (27)
32,29,STOREY (29)
32,31,WASHOE (31)
32,33,WHITE PINE (33)
32,510,IND.CITY-CARSON CITY (510)
33,1,BELKNAP (1)
33,3,CARROLL (3)
33,5,CHESHIRE (5)
33,7,COOS (7)
33,9,GRAFTON (9)
33,11,HILLSBOROUGH (11)
33,13,MERRIMACK (13)
33,15,ROCKINGHAM (15)
33,17,STRAFFORD (17)
33,19,SULLIVAN (19)
34,1,ATLANTIC (1)
34,3,BERGEN (3)
34,5,BURLINGTON (5)
34,7,CAMDEN (7)
34,9,CAPE MAY (9)
34,11,CUMBERLAND (11)
34,13,ESSEX (13)
34,15,GLOUCESTER (15)
34,17,HUDSON (17)
34,19,HUNTERDON (19)
34,21,MERCER (21)
34,23,MIDDLESEX (23)
34,25,MONMOUTH (25)
34,27,MORRIS (27)
34,29,OCEAN (29)
34,31,PASSAIC (31)
34,33,SALEM (33)
34,35,SOMERSET (35)
34,37,SUSSEX (37)
34,39,UNION (39)
34,41,WARREN (41)
35,1,BERNALILLO (1)
35,3,CATRON (3)
35,5,CHAVES (5)
35,6,CIBOLA (6)
35,7,COLFAX (7)
35,9,CURRY (9)
35,11,DE BACA (11)
35,13,DONA ANA (13)
35,15,EDDY (15)
35,17,GRANT (17)
35,19,GUADALUPE (19)
35,23,HIDALGO (23)
35,25,LEA (25)
35,27,LINCOLN (27)
35,28,LOS ALAMOS (28)
35,29,LUNA (29)
35,31,MCKINLEY (31)
35,33,MORA (33)
35,35,OTERO (35)
35,37,QUAY (37)
35,39,RIO ARRIBA (39)
35,41,ROOSEVELT (41)
35,43,SANDOVAL (43)
35,45,SAN JUAN (45)
35,47,SAN MIGUEL (47)
35,49,SANTA FE (49)
35,51,SIERRA (51)
35,53,SOCORRO (53)
35,55,TAOS (55)
35,57,TORRANCE (57)
35,61,VALENCIA (61)
36,1,ALBANY (1)
36,3,ALLEGANY (3)
36,5,BRONX (5)
36,7,BROOME (7)
36,9,CATTARAUGUS (9)
36,11,CAYUGA (11)
36,13,CHAUTAUQUA (13)
36,15,CHEMUNG (15)
36,17,CHENANGO (17)
36,19,CLINTON (19)
36,21,COLUMBIA (21)
36,23,CORTLAND (23)
36,25,DELAWARE (25)
36,27,DUTCHESS (27)
36,29,ERIE (29)
36,31,ESSEX (31)
36,33,FRANKLIN (33)
36,35,FULTON (35)
36,37,GENESEE (37)
36,39,GREENE (39)
36,41,HAMILTON (41)
36,43,HERKIMER (43)
36,45,JEFFERSON (45)
36,47,KINGS (47)
36,49,LEWIS (49)
36,51,LIVINGSTON (51)
36,53,MADISON (53)
36,55,MONROE (55)
36,57,MONTGOMERY (57)
36,59,NASSAU (59)
36,61,NEW YORK (61)
36,63,NIAGARA (63)
36,65,ONEIDA (65)
36,67,ONONDAGA (67)
36,69,ONTARIO (69)
36,71,ORANGE (71)
36,73,ORLEANS (73)
36,75,OSWEGO (75)
36,77,OTSEGO (77)
36,79,PUTNAM (79)
36,81,QUEENS (81)
36,83,RENSSELAER (83)
36,85,RICHMOND (85)
36,87,ROCKLAND (87)
36,89,ST LAWRENCE (89)
36,91,SARATOGA (91)
36,93,SCHENECTADY (93)
36,95,SCHOHARIE (95)
36,97,SCHUYLER (97)
36,99,SENECA (99)
36,101,STEUBEN (101)
36,103,SUFFOLK (103)
36,105,SULLIVAN (105)
36,107,TIOGA (107)
36,109,TOMPKINS (109)
36,111,ULSTER (111)
36,113,WARREN (113)
36,115,WASHINGTON (115)
36,117,WAYNE (117)
36,119,WESTCHESTER (119)
36,121,WYOMING (121)
36,123,YATES (123)
37,1,ALAMANCE (1)
37,3,ALEXANDER (3)
37,7,ANSON (7)
37,9,ASHE (9)
37,11,AVERY (11)
37,13,BEAUFORT (13)
37,15,BERTIE (15)
37,17,BLADEN (17)
37,19,BRUNSWICK (19)
37,21,BUNCOMBE (21)
37,23,BURKE (23)
37,25,CABARRUS (25)
37,27,CALDWELL (27)
37,31,CARTERET (31)
37,33,CASWELL (33)
37,35,CATAWBA (35)
37,37,CHATHAM (37)
37,39,CHEROKEE (39)
37,43,CLAY (43)
37,45,CLEVELAND (45)
37,47,COLUMBUS (47)
37,49,CRAVEN (49)
37,51,CUMBERLAND (51)
37,53,CURRITUCK (53)
37,55,DARE (55)
37,57,DAVIDSON (57)
37,59,DAVIE (59)
37,61,DUPLIN (61)
37,63,DURHAM (63)
37,65,EDGECOMBE (65)
37,67,FORSYTH (67)
37,69,FRANKLIN (69)
37,71,GASTON (71)
37,73,GATES (73)
37,75,GRAHAM (75)
37,77,GRANVILLE (77)
37,79,GREENE (79)
37,81,GUILFORD (81)
37,83,HALIFAX (83)
37,85,HARNETT (85)
37,87,HAYWOOD (87)
37,89,HENDERSON (89)
37,91,HERTFORD (91)
37,93,HOKE (93)
37,95,HYDE (95)
37,97,IREDELL (97)
37,99,JACKSON (99)
37,101,JOHNSTON (101)
37,103,JONES (103)
37,105,LEE (105)
37,107,LENOIR (107)
37,109,LINCOLN (109)
37,111,MCDOWELL (111)
37,113,MACON (113)
37,115,MADISON (115)
37,117,MARTIN (117)
37,119,MECKLENBURG (119)
37,121,MITCHELL (121)
37,123,MONTGOMERY (123)
37,125,MOORE (125)
37,127,NASH (127)
37,129,NEW HANOVER (129)
37,131,NORTHAMPTON (131)
37,133,ONSLOW (133)
37,135,ORANGE (135)
37,137,PAMLICO (137)
37,139,PASQUOTANK (139)
37,141,PENDER (141)
37,143,PERQUIMANS (143)
37,145,PERSON (145)
37,147,PITT (147)
37,149,POLK (149)
37,151,RANDOLPH (151)
37,153,RICHMOND (153)
37,155,ROBESON (155)
37,157,ROCKINGHAM (157)
37,159,ROWAN (159)
37,161,RUTHERFORD (161)
37,163,SAMPSON (163)
37,165,SCOTLAND (165)
37,167,STANLY (167)
37,169,STOKES (169)
37,171,SURRY (171)
37,173,SWAIN (173)
37,175,TRANSYLVANIA (175)
37,177,TYRRELL (177)
37,179,UNION (179)
37,181,VANCE (181)
37,183,WAKE (183)
37,185,WARREN (185)
37,187,WASHINGTON (187)
37,189,WATAUGA (189)
37,191,WAYNE (191)
37,193,WILKES (193)
37,195,WILSON (195)
37,197,YADKIN (197)
37,199,YANCEY (199)
38,1,ADAMS (1)
38,3,BARNES (3)
38,5,BENSON (5)
38,7,BILLINGS (7)
38,15,BURLEIGH (15)
38,17,CASS (17)
38,19,CAVALIER (19)
38,21,DICKEY (21)
38,25,DUNN (25)
38,29,EMMONS (29)
38,35,GRAND FORKS (35)
38,41,HETTINGER (41)
38,49,MCHENRY (49)
38,53,MCKENZIE (53)
38,55,MCLEAN (55)
38,57,MERCER (57)
38,59,MORTON (59)
38,61,MOUNTRAIL (61)
38,63,NELSON (63)
38,65,OLIVER (65)
38,67,PEMBINA (67)
38,69,PIERCE (69)
38,71,RAMSEY (71)
38,73,RANSOM (73)
38,75,RENVILLE (75)
38,77,RICHLAND (77)
38,79,ROLETTE (79)
38,83,SHERIDAN (83)
38,85,SIOUX (85)
38,89,STARK (89)
38,93,STUTSMAN (93)
38,97,TRAILL (97)
38,99,WALSH (99)
38,101,WARD (101)
38,103,WELLS (103)
38,105,WILLIAMS (105)
39,1,ADAMS (1)
39,3,ALLEN (3)
39,5,ASHLAND (5)
39,7,ASHTABULA (7)
39,9,ATHENS (9)
39,11,AUGLAIZE (11)
39,13,BELMONT (13)
39,15,BROWN (15)
39,17,BUTLER (17)
39,19,CARROLL (19)
39,21,CHAMPAIGN (21)
39,23,CLARK (23)
39,25,CLERMONT (25)
39,27,CLINTON (27)
39,29,COLUMBIANA (29)
39,31,COSHOCTON (31)
39,33,CRAWFORD (33)
39,35,CUYAHOGA (35)
39,37,DARKE (37)
39,39,DEFIANCE (39)
39,41,DELAWARE (41)
39,43,ERIE (43)
39,45,FAIRFIELD (45)
39,47,FAYETTE (47)
39,49,FRANKLIN (49)
39,51,FULTON (51)
39,53,GALLIA (53)
39,55,GEAUGA (55)
39,57,GREENE (57)
39,59,GUERNSEY (59)
39,61,HAMILTON (61)
39,63,HANCOCK (63)
39,65,HARDIN (65)
39,67,HARRISON (67)
39,69,HENRY (69)
39,71,HIGHLAND (71)
39,73,HOCKING (73)
39,75,HOLMES (75)
39,77,HURON (77)
39,79,JACKSON (79)
39,81,JEFFERSON (81)
39,83,KNOX (83)
39,85,LAKE (85)
39,87,LAWRENCE (87)
39,89,LICKING (89)
39,91,LOGAN (91)
39,93,LORAIN (93)
39,95,LUCAS (95)
39,97,MADISON (97)
39,99,MAHONING (99)
39,101,MARION (101)
39,103,MEDINA (103)
39,105,MEIGS (105)
39,107,MERCER (107)
39,109,MIAMI (109)
39,111,MONROE (111)
39,113,MONTGOMERY (113)
39,115,MORGAN (115)
39,117,MORROW (117)
39,119,MUSKINGUM (119)
39,121,NOBLE (121)
39,123,OTTAWA (123)
39,125,PAULDING (125)
39,127,PERRY (127)
39,129,PICKAWAY (129)
39,131,PIKE (131)
39,133,PORTAGE (133)
39,135,PREBLE (135)
39,137,PUTNAM (137)
39,139,RICHLAND (139)
39,141,ROSS (141)
39,143,SANDUSKY (143)
39,145,SCIOTO (145)
39,147,SENECA (147)
39,149,SHELBY (149)
39,151,STARK (151)
39,153,SUMMIT (153)
39,155,TRUMBULL (155)
39,157,TUSCARAWAS (157)
39,159,UNION (159)
39,161,VAN WERT (161)
39,163,VINTON (163)
39,165,WARREN (165)
39,167,WASHINGTON (167)
39,169,WAYNE (169)
39,171,WILLIAMS (171)
39,173,WOOD (173)
39,175,WYANDOT (175)
40,1,ADAIR (1)
40,5,ATOKA (5)
40,7,BEAVER (7)
40,9,BECKHAM (9)
40,13,BRYAN (13)
40,15,CADDO (15)
40,17,CANADIAN (17)
40,19,CARTER (19)
40,21,CHEROKEE (21)
40,23,CHOCTAW (23)
40,25,CIMARRON (25)
40,27,CLEVELAND (27)
40,29,COAL (29)
40,31,COMANCHE (31)
40,37,CREEK (37)
40,39,CUSTER (39)
40,41,DELAWARE (41)
40,43,DEWEY (43)
40,45,ELLIS (45)
40,47,GARFIELD (47)
40,49,GARVIN (49)
40,51,GRADY (51)
40,53,GRANT (53)
40,55,GREER (55)
40,59,HARPER (59)
40,61,HASKELL (61)
40,63,HUGHES (63)
40,65,JACKSON (65)
40,69,JOHNSTON (69)
40,71,KAY (71)
40,73,KINGFISHER (73)
40,75,KIOWA (75)
40,77,LATIMER (77)
40,79,LE FLORE (79)
40,81,LINCOLN (81)
40,83,LOGAN (83)
40,85,LOVE (85)
40,87,MCCLAIN (87)
40,89,MCCURTAIN (89)
40,91,MCINTOSH (91)
40,93,MAJOR (93)
40,95,MARSHALL (95)
40,97,MAYES (97)
40,99,MURRAY (99)
40,101,MUSKOGEE (101)
40,105,NOWATA (105)
40,107,OKFUSKEE (107)
40,109,OKLAHOMA (109)
40,111,OKMULGEE (111)
40,113,OSAGE (113)
40,115,OTTAWA (115)
40,117,PAWNEE (117)
40,119,PAYNE (119)
40,121,PITTSBURG (121)
40,123,PONTOTOC (123)
40,125,POTTAWATOMIE (125)
40,127,PUSHMATAHA (127)
40,129,ROGER MILLS (129)
40,131,ROGERS (131)
40,133,SEMINOLE (133)
40,135,SEQUOYAH (135)
40,137,STEPHENS (137)
40,139,TEXAS (139)
40,141,TILLMAN (141)
40,143,TULSA (143)
40,145,WAGONER (145)
40,147,WASHINGTON (147)
40,153,WOODWARD (153)
41,1,BAKER (1)
41,3,BENTON (3)
41,5,CLACKAMAS (5)
41,7,CLATSOP (7)
41,9,COLUMBIA (9)
41,11,COOS (11)
41,13,CROOK (13)
41,15,CURRY (15)
41,17,DESCHUTES (17)
41,19,DOUGLAS (19)
41,21,GILLIAM (21)
41,23,GRANT (23)
41,25,HARNEY (25)
41,27,HOOD RIVER (27)
41,29,JACKSON (29)
41,31,JEFFERSON (31)
41,33,JOSEPHINE (33)
41,35,KLAMATH (35)
41,37,LAKE (37)
41,39,LANE (39)
41,41,LINCOLN (41)
41,43,LINN (43)
41,45,MALHEUR (45)
41,47,MARION (47)
41,49,MORROW (49)
41,51,MULTNOMAH (51)
41,53,POLK (53)
41,55,SHERMAN (55)
41,57,TILLAMOOK (57)
41,59,UMATILLA (59)
41,61,UNION (61)
41,63,WALLOWA (63)
41,65,WASCO (65)
41,67,WASHINGTON (67)
41,69,WHEELER (69)
41,71,YAMHILL (71)
42,1,ADAMS (1)
42,3,ALLEGHENY (3)
42,5,ARMSTRONG (5)
42,7,BEAVER (7)
42,9,BEDFORD (9)
42,11,BERKS (11)
42,13,BLAIR (13)
42,15,BRADFORD (15)
42,17,BUCKS (17)
42,19,BUTLER (19)
42,21,CAMBRIA (21)
42,23,CAMERON (23)
42,25,CARBON (25)
42,27,CENTRE (27)
42,29,CHESTER (29)
42,31,CLARION (31)
42,33,CLEARFIELD (33)
42,35,CLINTON (35)
42,37,COLUMBIA (37)
42,39,CRAWFORD (39)
42,41,CUMBERLAND (41)
42,43,DAUPHIN (43)
42,45,DELAWARE (45)
42,49,ERIE (49)
42,51,FAYETTE (51)
42,53,FOREST (53)
42,55,FRANKLIN (55)
42,57,FULTON (57)
42,59,GREENE (59)
42,61,HUNTINGDON (61)
42,63,INDIANA (63)
42,65,JEFFERSON (65)
42,67,JUNIATA (67)
42,69,LACKAWANNA (69)
42,71,LANCASTER (71)
42,73,LAWRENCE (73)
42,75,LEBANON (75)
42,77,LEHIGH (77)
42,79,LUZERNE (79)
42,81,LYCOMING (81)
42,83,MCKEAN (83)
42,85,MERCER (85)
42,87,MIFFLIN (87)
42,89,MONROE (89)
42,91,MONTGOMERY (91)
42,93,MONTOUR (93)
42,95,NORTHAMPTON (95)
42,97,NORTHUMBERLAND (97)
42,99,PERRY (99)
42,101,PHILADELPHIA (101)
42,103,PIKE (103)
42,105,POTTER (105)
42,107,SCHUYLKILL (107)
42,109,SNYDER (109)
42,111,SOMERSET (111)
42,113,SULLIVAN (113)
42,115,SUSQUEHANNA (115)
42,117,TIOGA (117)
42,119,UNION (119)
42,121,VENANGO (121)
42,123,WARREN (123)
42,125,WASHINGTON (125)
42,127,WAYNE (127)
42,129,WESTMORELAND (129)
42,131,WYOMING (131)
42,133,YORK (133)
44,1,BRISTOL (1)
44,3,KENT (3)
44,5,NEWPORT (5)
44,7,PROVIDENCE (7)
44,9,WASHINGTON (9)
45,1,ABBEVILLE (1)
45,3,AIKEN (3)
45,5,ALLENDALE (5)
45,7,ANDERSON (7)
45,9,BAMBERG (9)
45,11,BARNWELL (11)
45,13,BEAUFORT (13)
45,15,BERKELEY (15)
45,17,CALHOUN (17)
45,19,CHARLESTON (19)
45,21,CHEROKEE (21)
45,23,CHESTER (23)
45,25,CHESTERFIELD (25)
45,27,CLARENDON (27)
45,29,COLLETON (29)
45,31,DARLINGTON (31)
45,33,DILLON (33)
45,35,DORCHESTER (35)
45,37,EDGEFIELD (37)
45,39,FAIRFIELD (39)
45,41,FLORENCE (41)
45,43,GEORGETOWN (43)
45,45,GREENVILLE (45)
45,47,GREENWOOD (47)
45,49,HAMPTON (49)
45,51,HORRY (51)
45,53,JASPER (53)
45,55,KERSHAW (55)
45,57,LANCASTER (57)
45,59,LAURENS (59)
45,61,LEE (61)
45,63,LEXINGTON (63)
45,65,MCCORMICK (65)
45,67,MARION (67)
45,69,MARLBORO (69)
45,71,NEWBERRY (71)
45,73,OCONEE (73)
45,75,ORANGEBURG (75)
45,77,PICKENS (77)
45,79,RICHLAND (79)
45,81,SALUDA (81)
45,83,SPARTANBURG (83)
45,85,SUMTER (85)
45,87,UNION (87)
45,89,WILLIAMSBURG (89)
45,91,YORK (91)
46,3,AURORA (3)
46,5,BEADLE (5)
46,7,BENNETT (7)
46,9,BON HOMME (9)
46,11,BROOKINGS (11)
46,13,BROWN (13)
46,15,BRULE (15)
46,17,BUFFALO (17)
46,19,BUTTE (19)
46,23,CHARLES MIX (23)
46,27,CLAY (27)
46,29,CODINGTON (29)
46,31,CORSON (31)
46,33,CUSTER (33)
46,39,DEUEL (39)
46,41,DEWEY (41)
46,47,FALL RIVER (47)
46,51,GRANT (51)
46,55,HAAKON (55)
46,61,HANSON (61)
46,63,HARDING (63)
46,65,HUGHES (65)
46,67,HUTCHINSON (67)
46,69,HYDE (69)
46,71,JACKSON (71)
46,73,JERAULD (73)
46,77,KINGSBURY (77)
46,81,LAWRENCE (81)
46,83,LINCOLN (83)
46,85,LYMAN (85)
46,87,MCCOOK (87)
46,93,MEADE (93)
46,99,MINNEHAHA (99)
46,101,MOODY (101)
46,102,OGLALA (102)
46,103,PENNINGTON (103)
46,109,ROBERTS (109)
46,115,SPINK (115)
46,117,STANLEY (117)
46,127,UNION (127)
46,135,YANKTON (135)
46,137,ZIEBACH (137)
47,1,ANDERSON (1)
47,3,BEDFORD (3)
47,5,BENTON (5)
47,7,BLEDSOE (7)
47,9,BLOUNT (9)
47,11,BRADLEY (11)
47,13,CAMPBELL (13)
47,15,CANNON (15)
47,17,CARROLL (17)
47,19,CARTER (19)
47,21,CHEATHAM (21)
47,23,CHESTER (23)
47,25,CLAIBORNE (25)
47,29,COCKE (29)
47,31,COFFEE (31)
47,33,CROCKETT (33)
47,35,CUMBERLAND (35)
47,37,DAVIDSON (37)
47,39,DECATUR (39)
47,41,DEKALB (41)
47,43,DICKSON (43)
47,45,DYER (45)
47,47,FAYETTE (47)
47,49,FENTRESS (49)
47,51,FRANKLIN (51)
47,53,GIBSON (53)
47,55,GILES (55)
47,57,GRAINGER (57)
47,59,GREENE (59)
47,61,GRUNDY (61)
47,63,HAMBLEN (63)
47,65,HAMILTON (65)
47,67,HANCOCK (67)
47,69,HARDEMAN (69)
47,71,HARDIN (71)
47,73,HAWKINS (73)
47,75,HAYWOOD (75)
47,77,HENDERSON (77)
47,79,HENRY (79)
47,81,HICKMAN (81)
47,85,HUMPHREYS (85)
47,87,JACKSON (87)
47,89,JEFFERSON (89)
47,91,JOHNSON (91)
47,93,KNOX (93)
47,97,LAUDERDALE (97)
47,99,LAWRENCE (99)
47,103,LINCOLN (103)
47,105,LOUDON (105)
47,107,MCMINN (107)
47,109,MCNAIRY (109)
47,111,MACON (111)
47,113,MADISON (113)
47,115,MARION (115)
47,117,MARSHALL (117)
47,119,MAURY (119)
47,121,MEIGS (121)
47,123,MONROE (123)
47,125,MONTGOMERY (125)
47,127,MOORE (127)
47,129,MORGAN (129)
47,131,OBION (131)
47,133,OVERTON (133)
47,135,PERRY (135)
47,139,POLK (139)
47,141,PUTNAM (141)
47,143,RHEA (143)
47,145,ROANE (145)
47,147,ROBERTSON (147)
47,149,RUTHERFORD (149)
47,151,SCOTT (151)
47,153,SEQUATCHIE (153)
47,155,SEVIER (155)
47,157,SHELBY (157)
47,159,SMITH (159)
47,161,STEWART (161)
47,163,SULLIVAN (163)
47,165,SUMNER (165)
47,167,TIPTON (167)
47,169,TROUSDALE (169)
47,171,UNICOI (171)
47,173,UNION (173)
47,177,WARREN (177)
47,179,WASHINGTON (179)
47,181,WAYNE (181)
47,183,WEAKLEY (183)
47,185,WHITE (185)
47,187,WILLIAMSON (187)
47,189,WILSON (189)
48,1,ANDERSON (1)
48,3,ANDREWS (3)
48,5,ANGELINA (5)
48,7,ARANSAS (7)
48,11,ARMSTRONG (11)
48,13,ATASCOSA (13)
48,15,AUSTIN (15)
48,19,BANDERA (19)
48,21,BASTROP (21)
48,25,BEE (25)
48,27,BELL (27)
48,29,BEXAR (29)
48,31,BLANCO (31)
48,35,BOSQUE (35)
48,37,BOWIE (37)
48,39,BRAZORIA (39)
48,41,BRAZOS (41)
48,43,BREWSTER (43)
48,47,BROOKS (47)
48,49,BROWN (49)
48,51,BURLESON (51)
48,53,BURNET (53)
48,55,CALDWELL (55)
48,57,CALHOUN (57)
48,59,CALLAHAN (59)
48,61,CAMERON (61)
48,63,CAMP (63)
48,65,CARSON (65)
48,67,CASS (67)
48,69,CASTRO (69)
48,71,CHAMBERS (71)
48,73,CHEROKEE (73)
48,75,CHILDRESS (75)
48,77,CLAY (77)
48,79,COCHRAN (79)
48,81,COKE (81)
48,83,COLEMAN (83)
48,85,COLLIN (85)
48,89,COLORADO (89)
48,91,COMAL (91)
48,93,COMANCHE (93)
48,95,CONCHO (95)
48,97,COOKE (97)
48,99,CORYELL (99)
48,101,COTTLE (101)
48,103,CRANE (103)
48,105,CROCKETT (105)
48,111,DALLAM (111)
48,113,DALLAS (113)
48,115,DAWSON (115)
48,119,DELTA (119)
48,121,DENTON (121)
48,123,DE WITT (123)
48,125,DICKENS (125)
48,127,DIMMIT (127)
48,129,DONLEY (129)
48,131,DUVAL (131)
48,133,EASTLAND (133)
48,135,ECTOR (135)
48,137,EDWARDS (137)
48,139,ELLIS (139)
48,141,EL PASO (141)
48,143,ERATH (143)
48,145,FALLS (145)
48,147,FANNIN (147)
48,149,FAYETTE (149)
48,153,FLOYD (153)
48,157,FORT BEND (157)
48,159,FRANKLIN (159)
48,161,FREESTONE (161)
48,163,FRIO (163)
48,165,GAINES (165)
48,167,GALVESTON (167)
48,169,GARZA (169)
48,171,GILLESPIE (171)
48,173,GLASSCOCK (173)
48,175,GOLIAD (175)
48,177,GONZALES (177)
48,179,GRAY (179)
48,181,GRAYSON (181)
48,183,GREGG (183)
48,185,GRIMES (185)
48,187,GUADALUPE (187)
48,189,HALE (189)
48,193,HAMILTON (193)
48,195,HANSFORD (195)
48,199,HARDIN (199)
48,201,HARRIS (201)
48,203,HARRISON (203)
48,205,HARTLEY (205)
48,209,HAYS (209)
48,213,HENDERSON (213)
48,215,HIDALGO (215)
48,217,HILL (217)
48,219,HOCKLEY (219)
48,221,HOOD (221)
48,223,HOPKINS (223)
48,225,HOUSTON (225)
48,227,HOWARD (227)
48,229,HUDSPETH (229)
48,231,HUNT (231)
48,233,HUTCHINSON (233)
48,237,JACK (237)
48,239,JACKSON (239)
48,241,JASPER (241)
48,243,JEFF DAVIS (243)
48,245,JEFFERSON (245)
48,247,JIM HOGG (247)
48,249,JIM WELLS (249)
48,251,JOHNSON (251)
48,253,JONES (253)
48,255,KARNES (255)
48,257,KAUFMAN (257)
48,259,KENDALL (259)
48,261,KENEDY (261)
48,265,KERR (265)
48,267,KIMBLE (267)
48,271,KINNEY (271)
48,277,LAMAR (277)
48,279,LAMB (279)
48,281,LAMPASAS (281)
48,283,LA SALLE (283)
48,285,LAVACA (285)
48,287,LEE (287)
48,289,LEON (289)
48,291,LIBERTY (291)
48,293,LIMESTONE (293)
48,295,LIPSCOMB (295)
48,297,LIVE OAK (297)
48,299,LLANO (299)
48,301,LOVING (301)
48,303,LUBBOCK (303)
48,305,LYNN (305)
48,307,MCCULLOCH (307)
48,309,MCLENNAN (309)
48,311,MCMULLEN (311)
48,313,MADISON (313)
48,315,MARION (315)
48,317,MARTIN (317)
48,319,MASON (319)
48,321,MATAGORDA (321)
48,323,MAVERICK (323)
48,325,MEDINA (325)
48,327,MENARD (327)
48,329,MIDLAND (329)
48,331,MILAM (331)
48,337,MONTAGUE (337)
48,339,MONTGOMERY (339)
48,341,MOORE (341)
48,343,MORRIS (343)
48,345,MOTLEY (345)
48,347,NACOGDOCHES (347)
48,349,NAVARRO (349)
48,351,NEWTON (351)
48,353,NOLAN (353)
48,355,NUECES (355)
48,357,OCHILTREE (357)
48,359,OLDHAM (359)
48,361,ORANGE (361)
48,363,PALO PINTO (363)
48,365,PANOLA (365)
48,367,PARKER (367)
48,369,PARMER (369)
48,371,PECOS (371)
48,373,POLK (373)
48,375,POTTER (375)
48,377,PRESIDIO (377)
48,379,RAINS (379)
48,381,RANDALL (381)
48,385,REAL (385)
48,387,RED RIVER (387)
48,389,REEVES (389)
48,391,REFUGIO (391)
48,395,ROBERTSON (395)
48,397,ROCKWALL (397)
48,399,RUNNELS (399)
48,401,RUSK (401)
48,403,SABINE (403)
48,405,SAN AUGUSTINE (405)
48,407,SAN JACINTO (407)
48,409,SAN PATRICIO (409)
48,411,SAN SABA (411)
48,413,SCHLEICHER (413)
48,415,SCURRY (415)
48,417,SHACKELFORD (417)
48,419,SHELBY (419)
48,421,SHERMAN (421)
48,423,SMITH (423)
48,425,SOMERVELL (425)
48,427,STARR (427)
48,429,STEPHENS (429)
48,433,STONEWALL (433)
48,435,SUTTON (435)
48,437,SWISHER (437)
48,439,TARRANT (439)
48,441,TAYLOR (441)
48,445,TERRY (445)
48,449,TITUS (449)
48,451,TOM GREEN (451)
48,453,TRAVIS (453)
48,455,TRINITY (455)
48,457,TYLER (457)
48,459,UPSHUR (459)
48,461,UPTON (461)
48,463,UVALDE (463)
48,465,VAL VERDE (465)
48,467,VAN ZANDT (467)
48,469,VICTORIA (469)
48,471,WALKER (471)
48,473,WALLER (473)
48,475,WARD (475)
48,477,WASHINGTON (477)
48,479,WEBB (479)
48,481,WHARTON (481)
48,483,WHEELER (483)
48,485,WICHITA (485)
48,487,WILBARGER (487)
48,489,WILLACY (489)
48,491,WILLIAMSON (491)
48,493,WILSON (493)
48,495,WINKLER (495)
48,497,WISE (497)
48,499,WOOD (499)
48,501,YOAKUM (501)
48,503,YOUNG (503)
48,505,ZAPATA (505)
48,507,ZAVALA (507)
49,1,BEAVER (1)
49,3,BOX ELDER (3)
49,5,CACHE (5)
49,7,CARBON (7)
49,11,DAVIS (11)
49,13,DUCHESNE (13)
49,15,EMERY (15)
49,19,GRAND (19)
49,21,IRON (21)
49,23,JUAB (23)
49,25,KANE (25)
49,27,MILLARD (27)
49,29,MORGAN (29)
49,33,RICH (33)
49,35,SALT LAKE (35)
49,37,SAN JUAN (37)
49,39,SANPETE (39)
49,41,SEVIER (41)
49,43,SUMMIT (43)
49,45,TOOELE (45)
49,47,UINTAH (47)
49,49,UTAH (49)
49,51,WASATCH (51)
49,53,WASHINGTON (53)
49,55,WAYNE (55)
49,57,WEBER (57)
50,1,ADDISON (1)
50,3,BENNINGTON (3)
50,5,CALEDONIA (5)
50,7,CHITTENDEN (7)
50,11,FRANKLIN (11)
50,13,GRAND ISLE (13)
50,17,ORANGE (17)
50,19,ORLEANS (19)
50,21,RUTLAND (21)
50,23,WASHINGTON (23)
50,25,WINDHAM (25)
50,27,WINDSOR (27)
51,1,ACCOMACK (1)
51,3,ALBEMARLE (3)
51,5,ALLEGHANY (5)
51,7,AMELIA (7)
51,9,AMHERST (9)
51,11,APPOMATTOX (11)
51,13,ARLINGTON (13)
51,15,AUGUSTA (15)
51,17,BATH (17)
51,19,BEDFORD (19)
51,21,BLAND (21)
51,23,BOTETOURT (23)
51,25,BRUNSWICK (25)
51,27,BUCHANAN (27)
51,29,BUCKINGHAM (29)
51,31,CAMPBELL (31)
51,33,CAROLINE (33)
51,35,CARROLL (35)
51,36,CHARLES CITY (36)
51,37,CHARLOTTE (37)
51,41,CHESTERFIELD (41)
51,43,CLARKE (43)
51,45,CRAIG (45)
51,47,CULPEPER (47)
51,49,CUMBERLAND (49)
51,51,DICKENSON (51)
51,53,DINWIDDIE (53)
51,57,ESSEX (57)
51,59,FAIRFAX (59)
51,61,FAUQUIER (61)
51,63,FLOYD (63)
51,67,FRANKLIN (67)
51,69,FREDERICK (69)
51,71,GILES (71)
51,73,GLOUCESTER (73)
51,75,GOOCHLAND (75)
51,79,GREENE (79)
51,81,GREENSVILLE (81)
51,83,HALIFAX (83)
51,85,HANOVER (85)
51,87,HENRICO (87)
51,89,HENRY (89)
51,91,HIGHLAND (91)
51,93,ISLE OF WIGHT (93)
51,95,JAMES CITY (95)
51,97,KING AND QUEEN (97)
51,99,KING GEORGE (99)
51,101,KING WILLIAM (101)
51,103,LANCASTER (103)
51,105,LEE (105)
51,107,LOUDOUN (107)
51,109,LOUISA (109)
51,111,LUNENBURG (111)
51,113,MADISON (113)
51,117,MECKLENBURG (117)
51,119,MIDDLESEX (119)
51,121,MONTGOMERY (121)
51,125,NELSON (125)
51,127,NEW KENT (127)
51,131,NORTHAMPTON (131)
51,133,NORTHUMBERLAND (133)
51,135,NOTTOWAY (135)
51,137,ORANGE (137)
51,139,PAGE (139)
51,141,PATRICK (141)
51,143,PITTSYLVANIA (143)
51,145,POWHATAN (145)
51,149,PRINCE GEORGE (149)
51,153,PRINCE WILLIAM (153)
51,155,PULASKI (155)
51,157,RAPPAHANNOCK (157)
51,161,ROANOKE (161)
51,163,ROCKBRIDGE (163)
51,165,ROCKINGHAM (165)
51,167,RUSSELL (167)
51,169,SCOTT (169)
51,171,SHENANDOAH (171)
51,173,SMYTH (173)
51,175,SOUTHAMPTON (175)
51,177,SPOTSYLVANIA (177)
51,179,STAFFORD (179)
51,181,SURRY (181)
51,183,SUSSEX (183)
51,185,TAZEWELL (185)
51,187,WARREN (187)
51,191,WASHINGTON (191)
51,193,WESTMORELAND (193)
51,195,WISE (195)
51,197,WYTHE (197)
51,199,YORK (199)
51,510,ALEXANDRIA (CITY) (510)
51,530,BUENA VISTA(CITY) (530)
51,540,CHARLOTTESVILLE(CITY) (540)
51,550,CHESAPEAKE(CITY) (550)
51,570,COLONIAL HEIGHTS(CITY) (570)
51,590,DANVILLE(CITY) (590)
51,595,EMPORIA(CITY) (595)
51,610,FALLS CHURCH (CITY) (610)
51,620,FRANKLIN (CITY) (620)
51,630,FREDERICKSBURG (CITY) (630)
51,650,HAMPTON (CITY) (650)
51,660,HARRISONBURG (CITY) (660)
51,680,LYNCHBURG (CITY) (680)
51,700,NEWPORT NEWS (CITY) (700)
51,710,NORFOLK (CITY) (710)
51,730,PETERSBURG (CITY) (730)
51,740,PORTSMOUTH (CITY) (740)
51,760,RICHMOND (CITY) (760)
51,770,ROANOKE (CITY) (770)
51,775,SALEM (CITY) (775)
51,800,SUFFOLK (CITY) (800)
51,810,VIRGINIA BEACH (CITY) (810)
51,820,WAYNSBORO (CITY) (820)
51,830,WILLIAMSBURG (CITY) (830)
51,840,WINCHESTER (CITY) (840)
53,1,ADAMS (1)
53,3,ASOTIN (3)
53,5,BENTON (5)
53,7,CHELAN (7)
53,9,CLALLAM (9)
53,11,CLARK (11)
53,15,COWLITZ (15)
53,17,DOUGLAS (17)
53,19,FERRY (19)
53,21,FRANKLIN (21)
53,25,GRANT (25)
53,27,GRAYS HARBOR (27)
53,29,ISLAND (29)
53,31,JEFFERSON (31)
53,33,KING (33)
53,35,KITSAP (35)
53,37,KITTITAS (37)
53,39,KLICKITAT (39)
53,41,LEWIS (41)
53,43,LINCOLN (43)
53,45,MASON (45)
53,47,OKANOGAN (47)
53,49,PACIFIC (49)
53,51,PEND OREILLE (51)
53,53,PIERCE (53)
53,55,SAN JUAN (55)
53,57,SKAGIT (57)
53,59,SKAMANIA (59)
53,61,SNOHOMISH (61)
53,63,SPOKANE (63)
53,65,STEVENS (65)
53,67,THURSTON (67)
53,69,WAHKIAKUM (69)
53,71,WALLA WALLA (71)
53,73,WHATCOM (73)
53,75,WHITMAN (75)
53,77,YAKIMA (77)
54,1,BARBOUR (1)
54,3,BERKELEY (3)
54,5,BOONE (5)
54,7,BRAXTON (7)
54,9,BROOKE (9)
54,11,CABELL (11)
54,13,CALHOUN (13)
54,19,FAYETTE (19)
54,21,GILMER (21)
54,23,GRANT (23)
54,25,GREENBRIER (25)
54,27,HAMPSHIRE (27)
54,29,HANCOCK (29)
54,31,HARDY (31)
54,33,HARRISON (33)
54,35,JACKSON (35)
54,37,JEFFERSON (37)
54,39,KANAWHA (39)
54,43,LINCOLN (43)
54,45,LOGAN (45)
54,47,MCDOWELL (47)
54,49,MARION (49)
54,51,MARSHALL (51)
54,53,MASON (53)
54,55,MERCER (55)
54,57,MINERAL (57)
54,59,MINGO (59)
54,61,MONONGALIA (61)
54,63,MONROE (63)
54,65,MORGAN (65)
54,67,NICHOLAS (67)
54,69,OHIO (69)
54,71,PENDLETON (71)
54,75,POCAHONTAS (75)
54,77,PRESTON (77)
54,79,PUTNAM (79)
54,81,RALEIGH (81)
54,83,RANDOLPH (83)
54,85,RITCHIE (85)
54,87,ROANE (87)
54,89,SUMMERS (89)
54,91,TAYLOR (91)
54,95,TYLER (95)
54,97,UPSHUR (97)
54,99,WAYNE (99)
54,103,WETZEL (103)
54,107,WOOD (107)
54,109,WYOMING (109)
55,1,ADAMS (1)
55,3,ASHLAND (3)
55,5,BARRON (5)
55,9,BROWN (9)
55,11,BUFFALO (11)
55,13,BURNETT (13)
55,15,CALUMET (15)
55,17,CHIPPEWA (17)
55,19,CLARK (19)
55,21,COLUMBIA (21)
55,23,CRAWFORD (23)
55,25,DANE (25)
55,27,DODGE (27)
55,29,DOOR (29)
55,31,DOUGLAS (31)
55,33,DUNN (33)
55,35,EAU CLAIRE (35)
55,39,FOND DU LAC (39)
55,41,FOREST (41)
55,43,GRANT (43)
55,45,GREEN (45)
55,47,GREEN LAKE (47)
55,49,IOWA (49)
55,53,JACKSON (53)
55,55,JEFFERSON (55)
55,57,JUNEAU (57)
55,59,KENOSHA (59)
55,63,LA CROSSE (63)
55,65,LAFAYETTE (65)
55,67,LANGLADE (67)
55,69,LINCOLN (69)
55,71,MANITOWOC (71)
55,73,MARATHON (73)
55,75,MARINETTE (75)
55,79,MILWAUKEE (79)
55,81,MONROE (81)
55,83,OCONTO (83)
55,85,ONEIDA (85)
55,87,OUTAGAMIE (87)
55,89,OZAUKEE (89)
55,93,PIERCE (93)
55,95,POLK (95)
55,97,PORTAGE (97)
55,99,PRICE (99)
55,101,RACINE (101)
55,103,RICHLAND (103)
55,105,ROCK (105)
55,107,RUSK (107)
55,109,ST CROIX (109)
55,111,SAUK (111)
55,113,SAWYER (113)
55,115,SHAWANO (115)
55,117,SHEBOYGAN (117)
55,121,TREMPEALEAU (121)
55,123,VERNON (123)
55,125,VILAS (125)
55,127,WALWORTH (127)
55,129,WASHBURN (129)
55,131,WASHINGTON (131)
55,133,WAUKESHA (133)
55,135,WAUPACA (135)
55,137,WAUSHARA (137)
55,139,WINNEBAGO (139)
55,141,WOOD (141)
56,1,ALBANY (1)
56,3,BIG HORN (3)
56,5,CAMPBELL (5)
56,7,CARBON (7)
56,9,CONVERSE (9)
56,11,CROOK (11)
56,13,FREMONT (13)
56,15,GOSHEN (15)
56,19,JOHNSON (19)
56,21,LARAMIE (21)
56,25,NATRONA (25)
56,29,PARK (29)
56,31,PLATTE (31)
56,33,SHERIDAN (33)
56,37,SWEETWATER (37)
56,39,TETON (39)
56,41,UINTA (41)
56,43,WASHAKIE (43)
56,45,WESTON (45)
